"word","count"
"THE",22038615
"BE",12545825
"AND",10741073
"OF",10343885
"A",10144200
"IN",6996437
"TO",6332195
"HAVE",4303955
"TO",3856916
"IT",3872477
"I",3978265
"THAT",3430996
"FOR",3281454
"YOU",3081151
"HE",2909254
"WITH",2683014
"ON",2485306
"DO",2573587
"SAY",1915138
"THIS",1885366
"THEY",1865580
"AT",1767638
"BUT",1776767
"WE",1820935
"HIS",1801708
"FROM",1635914
"THAT",1712406
"NOT",1638830
"N'T",1619007
"BY",1490548
"SHE",1484869
"OR",1379320
"AS",1296879
"WHAT",1181023
"GO",1151045
"THEIR",1083029
"CAN",1022775
"WHO",1018283
"GET",992596
"IF",933542
"WOULD",925515
"HER",969591
"ALL",892102
"MY",919821
"MAKE",857168
"ABOUT",874406
"KNOW",892535
"WILL",824568
"AS",829018
"UP",795534
"ONE",768232
"TIME",764657
"THERE",784528
"YEAR",769254
"SO",756550
"THINK",772787
"WHEN",678626
"WHICH",685982
"THEM",677870
"SOME",674193
"ME",709623
"PEOPLE",691468
"TAKE",670745
"OUT",678603
"INTO",668172
"JUST",677711
"SEE",663645
"HIM",677707
"YOUR",659622
"COME",628254
"COULD",617932
"NOW",605997
"THAN",579757
"LIKE",568850
"OTHER",547799
"HOW",538893
"THEN",543977
"ITS",539719
"OUR",525107
"TWO",511027
"MORE",517536
"THESE",513864
"WANT",514972
"WAY",470401
"LOOK",491707
"FIRST",463566
"ALSO",464606
"NEW",435993
"BECAUSE",438539
"DAY",432773
"MORE",420170
"USE",420781
"NO",402222
"MAN",409760
"FIND",395203
"HERE",412315
"THING",400724
"GIVE",384503
"MANY",385348
"WELL",411776
"ONLY",379574
"THOSE",378007
"TELL",388155
"ONE",369553
"VERY",391821
"HER",397950
"EVEN",361067
"BACK",367844
"ANY",348100
"GOOD",353973
"WOMAN",341422
"THROUGH",340921
"US",351088
"LIFE",333085
"CHILD",333849
"THERE",333433
"WORK",318210
"DOWN",329409
"MAY",324569
"AFTER",311902
"SHOULD",310265
"CALL",308050
"WORLD",303506
"OVER",300349
"SCHOOL",304183
"STILL",296953
"TRY",294023
"IN",285035
"AS",281483
"LAST",289843
"ASK",284632
"NEED",276744
"TOO",280396
"FEEL",275214
"THREE",266744
"WHEN",268219
"STATE",272193
"NEVER",262584
"BECOME",259102
"BETWEEN",264158
"HIGH",255936
"REALLY",263414
"SOMETHING",254910
"MOST",246360
"ANOTHER",240646
"MUCH",244507
"FAMILY",243267
"OWN",240452
"OUT",242443
"LEAVE",240482
"PUT",237480
"OLD",236577
"WHILE",234555
"MEAN",242198
"ON",236980
"KEEP",231760
"STUDENT",255047
"WHY",235442
"LET",240300
"GREAT",225005
"SAME",222836
"BIG",227169
"GROUP",229435
"BEGIN",218617
"SEEM",219627
"COUNTRY",223138
"HELP",216082
"TALK",229429
"WHERE",213744
"TURN",221392
"PROBLEM",217728
"EVERY",212739
"START",213952
"HAND",225247
"MIGHT",209059
"AMERICAN",214968
"SHOW",208037
"PART",207861
"ABOUT",208550
"AGAINST",204379
"PLACE",202427
"OVER",208260
"SUCH",207065
"AGAIN",206895
"FEW",197266
"CASE",200773
"MOST",197086
"WEEK",199268
"COMPANY",203345
"WHERE",194427
"SYSTEM",200175
"EACH",196522
"RIGHT",205250
"PROGRAM",195985
"HEAR",196070
"SO",191893
"QUESTION",192070
"DURING",190729
"WORK",187533
"PLAY",188328
"GOVERNMENT",191314
"RUN",187325
"SMALL",185463
"NUMBER",186005
"OFF",183854
"ALWAYS",179474
"MOVE",179388
"LIKE",182341
"NIGHT",184511
"LIVE",176144
"MR",188555
"POINT",177481
"BELIEVE",178397
"HOLD",177368
"TODAY",183724
"BRING",174366
"HAPPEN",182714
"NEXT",176306
"WITHOUT",172448
"BEFORE",172769
"LARGE",175611
"ALL",177317
"MILLION",176895
"MUST",171043
"HOME",170527
"UNDER",164766
"WATER",167666
"ROOM",172472
"WRITE",161824
"MOTHER",169407
"AREA",165812
"NATIONAL",166359
"MONEY",164794
"STORY",163582
"YOUNG",160011
"FACT",164401
"MONTH",162685
"DIFFERENT",162411
"LOT",169570
"RIGHT",163259
"STUDY",174069
"BOOK",154013
"EYE",169150
"JOB",154743
"WORD",152891
"THOUGH",152182
"BUSINESS",154468
"ISSUE",156417
"SIDE",152559
"KIND",155032
"FOUR",150646
"HEAD",160131
"FAR",148621
"BLACK",150718
"LONG",149050
"BOTH",146338
"LITTLE",149658
"HOUSE",149251
"YES",157364
"AFTER",142289
"SINCE",141264
"LONG",142007
"PROVIDE",150879
"SERVICE",146122
"AROUND",143766
"FRIEND",142697
"IMPORTANT",144194
"FATHER",145051
"SIT",147185
"AWAY",144713
"UNTIL",140819
"POWER",141357
"HOUR",138955
"GAME",146311
"OFTEN",140731
"YET",135484
"LINE",135986
"POLITICAL",144437
"END",134104
"AMONG",138192
"EVER",135774
"STAND",140937
"BAD",134910
"LOSE",134102
"HOWEVER",142282
"MEMBER",134731
"PAY",133133
"LAW",133706
"MEET",128737
"CAR",133571
"CITY",132684
"ALMOST",127907
"INCLUDE",133563
"CONTINUE",126029
"SET",127369
"LATER",126495
"COMMUNITY",133057
"MUCH",126029
"NAME",127139
"FIVE",125571
"ONCE",126203
"WHITE",126760
"LEAST",123961
"PRESIDENT",134203
"LEARN",124346
"REAL",124187
"CHANGE",123183
"TEAM",131489
"MINUTE",126660
"BEST",124850
"SEVERAL",124039
"IDEA",122140
"KID",126428
"BODY",125165
"INFORMATION",127331
"NOTHING",126717
"AGO",125252
"RIGHT",126278
"LEAD",122691
"SOCIAL",132899
"UNDERSTAND",121354
"WHETHER",121921
"BACK",125006
"WATCH",124976
"TOGETHER",119186
"FOLLOW",119425
"AROUND",122789
"PARENT",119610
"ONLY",117700
"STOP",121481
"FACE",127291
"ANYTHING",120292
"CREATE",119419
"PUBLIC",119825
"ALREADY",115220
"SPEAK",117358
"OTHERS",115771
"READ",114094
"LEVEL",121704
"ALLOW",114892
"ADD",117842
"OFFICE",114791
"SPEND",114569
"DOOR",124993
"HEALTH",117762
"PERSON",113650
"ART",117851
"SURE",116186
"SUCH",119125
"WAR",117804
"HISTORY",114904
"PARTY",112962
"WITHIN",114599
"GROW",110020
"RESULT",116277
"OPEN",111857
"CHANGE",112426
"MORNING",114002
"WALK",113787
"REASON",106863
"LOW",108990
"WIN",111478
"RESEARCH",114802
"GIRL",110409
"GUY",110409
"EARLY",108171
"FOOD",107728
"BEFORE",107448
"MOMENT",109720
"HIMSELF",109288
"AIR",105932
"TEACHER",116100
"FORCE",108005
"OFFER",106473
"ENOUGH",105880
"BOTH",106361
"EDUCATION",113731
"ACROSS",105559
"ALTHOUGH",107925
"REMEMBER",106879
"FOOT",107285
"SECOND",103621
"BOY",107447
"MAYBE",108421
"TOWARD",105984
"ABLE",103171
"AGE",103402
"OFF",104122
"POLICY",107601
"EVERYTHING",103591
"LOVE",103681
"PROCESS",107341
"MUSIC",102657
"INCLUDING",103650
"CONSIDER",101987
"APPEAR",100671
"ACTUALLY",105155
"BUY",101105
"PROBABLY",99754
"HUMAN",101224
"WAIT",102463
"SERVE",99660
"MARKET",100435
"DIE",98376
"SEND",96613
"EXPECT",95566
"HOME",97937
"SENSE",95896
"BUILD",96651
"STAY",96933
"FALL",96908
"OH",103613
"NATION",97212
"PLAN",95824
"CUT",96012
"COLLEGE",97038
"INTEREST",96620
"DEATH",93222
"COURSE",96224
"SOMEONE",95608
"EXPERIENCE",98106
"BEHIND",95047
"REACH",92375
"LOCAL",92970
"KILL",92660
"SIX",90571
"REMAIN",91319
"EFFECT",95216
"USE",96564
"YEAH",103389
"SUGGEST",92643
"CLASS",91323
"CONTROL",90301
"RAISE",87036
"CARE",88862
"PERHAPS",87060
"LITTLE",88697
"LATE",86421
"HARD",86817
"FIELD",87243
"ELSE",87876
"PASS",86184
"FORMER",88930
"SELL",87865
"MAJOR",87487
"SOMETIMES",84845
"REQUIRE",89280
"ALONG",84926
"DEVELOPMENT",91995
"THEMSELVES",85256
"REPORT",88138
"ROLE",88666
"BETTER",83895
"ECONOMIC",90392
"EFFORT",86473
"UP",85759
"DECIDE",84035
"RATE",87224
"STRONG",83677
"POSSIBLE",85084
"HEART",84536
"DRUG",86231
"SHOW",86828
"LEADER",85438
"LIGHT",87427
"VOICE",89379
"WIFE",83601
"WHOLE",83756
"POLICE",85880
"MIND",82808
"FINALLY",81951
"PULL",87243
"RETURN",81812
"FREE",82090
"MILITARY",85152
"PRICE",84443
"REPORT",83174
"LESS",82930
"ACCORDING",83773
"DECISION",82429
"EXPLAIN",80797
"SON",80895
"HOPE",81385
"EVEN",79087
"DEVELOP",84835
"VIEW",81338
"RELATIONSHIP",84549
"CARRY",79513
"TOWN",79821
"ROAD",80987
"DRIVE",80476
"ARM",84865
"TRUE",79299
"FEDERAL",81826
"BREAK",79310
"BETTER",78334
"DIFFERENCE",82911
"THANK",88574
"RECEIVE",80250
"VALUE",82942
"INTERNATIONAL",81610
"BUILDING",78487
"ACTION",80009
"FULL",77547
"MODEL",82973
"JOIN",80609
"SEASON",83743
"SOCIETY",81192
"BECAUSE",77116
"TAX",80713
"DIRECTOR",79813
"EARLY",75605
"POSITION",77124
"PLAYER",81358
"AGREE",76753
"ESPECIALLY",76304
"RECORD",77509
"PICK",77197
"WEAR",77921
"PAPER",75383
"SPECIAL",75298
"SPACE",75395
"GROUND",74713
"FORM",78493
"SUPPORT",76544
"EVENT",75559
"OFFICIAL",79026
"WHOSE",74914
"MATTER",73842
"EVERYONE",74534
"CENTER",74559
"COUPLE",74871
"SITE",75932
"END",73099
"PROJECT",75446
"HIT",73999
"BASE",75887
"ACTIVITY",77980
"STAR",73695
"TABLE",75228
"NEED",74877
"COURT",74112
"PRODUCE",74169
"EAT",73505
"AMERICAN",73063
"TEACH",72668
"OIL",74386
"HALF",70930
"SITUATION",72603
"EASY",71602
"COST",73512
"INDUSTRY",73055
"FIGURE",74858
"FACE",69493
"STREET",71645
"IMAGE",72216
"ITSELF",71093
"PHONE",71599
"EITHER",69497
"DATA",76594
"COVER",69387
"QUITE",69966
"PICTURE",69229
"CLEAR",68662
"PRACTICE",73745
"PIECE",68901
"LAND",69750
"RECENT",70685
"DESCRIBE",71377
"PRODUCT",70883
"DOCTOR",69446
"WALL",71390
"PATIENT",72217
"WORKER",69962
"NEWS",70051
"TEST",69870
"MOVIE",69387
"CERTAIN",67228
"NORTH",68046
"LOVE",67495
"PERSONAL",67917
"OPEN",67218
"SUPPORT",69431
"SIMPLY",66712
"THIRD",67037
"TECHNOLOGY",69565
"CATCH",68214
"STEP",66232
"BABY",67881
"COMPUTER",67399
"TYPE",68481
"ATTENTION",65271
"DRAW",65198
"FILM",66724
"REPUBLICAN",71611
"TREE",66630
"SOURCE",66862
"RED",66217
"NEARLY",64860
"ORGANIZATION",67278
"CHOOSE",64348
"CAUSE",64531
"HAIR",69564
"LOOK",66194
"POINT",62980
"CENTURY",65667
"EVIDENCE",65360
"WINDOW",68303
"DIFFICULT",63947
"LISTEN",64984
"SOON",63168
"CULTURE",67128
"BILLION",65243
"CHANCE",62682
"BROTHER",63406
"ENERGY",64139
"PERIOD",64534
"COURSE",64012
"SUMMER",62503
"LESS",62154
"REALIZE",61732
"HUNDRED",61266
"AVAILABLE",63187
"PLANT",63476
"LIKELY",63002
"OPPORTUNITY",62422
"TERM",62962
"SHORT",60451
"LETTER",60369
"CONDITION",63489
"CHOICE",60487
"PLACE",60927
"SINGLE",60072
"RULE",61062
"DAUGHTER",60424
"ADMINISTRATION",62071
"SOUTH",60630
"HUSBAND",60126
"CONGRESS",62841
"FLOOR",62458
"CAMPAIGN",64172
"MATERIAL",62440
"POPULATION",62999
"WELL",61219
"CALL",59543
"ECONOMY",60990
"MEDICAL",59424
"HOSPITAL",58669
"CHURCH",59466
"CLOSE",60884
"THOUSAND",58307
"RISK",60432
"CURRENT",61252
"FIRE",59386
"FUTURE",58020
"WRONG",58988
"INVOLVE",59542
"DEFENSE",59701
"ANYONE",58274
"INCREASE",60442
"SECURITY",58914
"BANK",58992
"MYSELF",59716
"CERTAINLY",59739
"WEST",58169
"SPORT",59006
"BOARD",58436
"SEEK",58495
"PER",59432
"SUBJECT",61397
"OFFICER",57617
"PRIVATE",57248
"REST",56714
"BEHAVIOR",62625
"DEAL",57462
"PERFORMANCE",59909
"FIGHT",56886
"THROW",57784
"TOP",57743
"QUICKLY",56454
"PAST",56588
"GOAL",58728
"SECOND",56022
"BED",60304
"ORDER",56483
"AUTHOR",58300
"FILL",56915
"REPRESENT",58744
"FOCUS",57177
"FOREIGN",57540
"DROP",56448
"PLAN",55829
"BLOOD",56351
"UPON",57033
"AGENCY",56954
"PUSH",56103
"NATURE",57929
"COLOR",56978
"NO",54602
"RECENTLY",55992
"STORE",56147
"REDUCE",57029
"SOUND",56828
"NOTE",57025
"FINE",55174
"BEFORE",55608
"NEAR",54869
"MOVEMENT",56201
"PAGE",55937
"ENTER",54479
"SHARE",54010
"THAN",55719
"COMMON",55940
"POOR",53820
"OTHER",54372
"NATURAL",55526
"RACE",54838
"CONCERN",55203
"SERIES",54549
"SIGNIFICANT",58947
"SIMILAR",55901
"HOT",54601
"LANGUAGE",55799
"EACH",53663
"USUALLY",53477
"RESPONSE",56342
"DEAD",55111
"RISE",53542
"ANIMAL",53127
"FACTOR",57612
"DECADE",53727
"ARTICLE",54871
"SHOOT",53038
"EAST",53010
"SAVE",52067
"SEVEN",52011
"ARTIST",54353
"AWAY",52005
"SCENE",51248
"STOCK",54305
"CAREER",52101
"DESPITE",51526
"CENTRAL",52501
"EIGHT",50871
"THUS",57039
"TREATMENT",53390
"BEYOND",50742
"HAPPY",51669
"EXACTLY",52685
"PROTECT",50649
"APPROACH",53980
"LIE",51657
"SIZE",51868
"DOG",52347
"FUND",53859
"SERIOUS",50285
"OCCUR",52768
"MEDIA",51798
"READY",50833
"SIGN",50045
"THOUGHT",51509
"LIST",50678
"INDIVIDUAL",54738
"SIMPLE",50583
"QUALITY",52224
"PRESSURE",50773
"ACCEPT",49952
"ANSWER",49969
"HARD",50793
"RESOURCE",53398
"IDENTIFY",53484
"LEFT",50479
"MEETING",49916
"DETERMINE",52130
"PREPARE",49208
"DISEASE",51211
"WHATEVER",50200
"SUCCESS",50541
"ARGUE",51013
"CUP",53633
"PARTICULARLY",50329
"AMOUNT",49944
"ABILITY",51476
"STAFF",50177
"RECOGNIZE",50042
"INDICATE",53215
"CHARACTER",49530
"GROWTH",50904
"LOSS",49759
"DEGREE",50612
"WONDER",50875
"ATTACK",50898
"HERSELF",52915
"REGION",50914
"TELEVISION",49673
"BOX",49667
"TV",49438
"TRAINING",49997
"PRETTY",50385
"TRADE",49696
"DEAL",48975
"ELECTION",51322
"EVERYBODY",51147
"PHYSICAL",51451
"LAY",49358
"GENERAL",49657
"FEELING",47349
"STANDARD",49876
"BILL",49011
"MESSAGE",47533
"FAIL",47503
"OUTSIDE",46628
"ARRIVE",47435
"ANALYSIS",53840
"BENEFIT",48594
"NAME",47375
"SEX",47827
"FORWARD",47877
"LAWYER",47853
"PRESENT",49659
"SECTION",49764
"ENVIRONMENTAL",51192
"GLASS",49686
"ANSWER",47661
"SKILL",50431
"SISTER",48183
"PM",54765
"PROFESSOR",46575
"OPERATION",47276
"FINANCIAL",47803
"CRIME",48010
"STAGE",46346
"OK",54697
"COMPARE",48094
"AUTHORITY",47309
"MISS",46525
"DESIGN",48605
"SORT",47086
"ONE",45596
"ACT",45648
"TEN",46827
"KNOWLEDGE",50335
"GUN",47305
"STATION",46299
"BLUE",47622
"STATE",47977
"STRATEGY",49126
"LITTLE",45469
"CLEARLY",45912
"DISCUSS",46852
"INDEED",46184
"FORCE",44931
"TRUTH",45155
"SONG",45352
"EXAMPLE",47134
"DEMOCRATIC",47299
"CHECK",45760
"ENVIRONMENT",47807
"LEG",47477
"DARK",47565
"PUBLIC",45684
"VARIOUS",46777
"RATHER",44934
"LAUGH",48567
"GUESS",48046
"EXECUTIVE",47338
"SET",45121
"STUDY",44897
"PROVE",44304
"HANG",46632
"ENTIRE",43997
"ROCK",45225
"DESIGN",45946
"ENOUGH",44378
"FORGET",45571
"SINCE",45591
"CLAIM",44259
"NOTE",44720
"REMOVE",44683
"MANAGER",46187
"HELP",43721
"CLOSE",43568
"SOUND",45311
"ENJOY",44020
"NETWORK",45122
"LEGAL",44820
"RELIGIOUS",46425
"COLD",44649
"FORM",44646
"FINAL",43589
"MAIN",43707
"SCIENCE",45726
"GREEN",44673
"MEMORY",43531
"CARD",43605
"ABOVE",44130
"SEAT",44404
"CELL",44831
"ESTABLISH",45921
"NICE",44792
"TRIAL",44489
"EXPERT",43898
"THAT",43359
"SPRING",44085
"FIRM",44704
"DEMOCRAT",46905
"RADIO",43156
"VISIT",42941
"MANAGEMENT",45112
"CARE",42978
"AVOID",42890
"IMAGINE",43487
"TONIGHT",47549
"HUGE",42582
"BALL",43512
"NO",44951
"CLOSE",42826
"FINISH",43143
"YOURSELF",43401
"TALK",43267
"THEORY",45553
"IMPACT",43782
"RESPOND",42139
"STATEMENT",42941
"MAINTAIN",43493
"CHARGE",42353
"POPULAR",42399
"TRADITIONAL",43681
"ONTO",43538
"REVEAL",42605
"DIRECTION",41280
"WEAPON",43158
"EMPLOYEE",42824
"CULTURAL",45673
"CONTAIN",42542
"PEACE",42273
"HEAD",41658
"CONTROL",41771
"BASE",41154
"PAIN",41350
"APPLY",42391
"PLAY",41662
"MEASURE",43938
"WIDE",41233
"SHAKE",45160
"FLY",41373
"INTERVIEW",41594
"MANAGE",40536
"CHAIR",43256
"FISH",41488
"PARTICULAR",42291
"CAMERA",41218
"STRUCTURE",43638
"POLITICS",41758
"PERFORM",41667
"BIT",41915
"WEIGHT",41919
"SUDDENLY",43382
"DISCOVER",40489
"CANDIDATE",43251
"TOP",41484
"PRODUCTION",42052
"TREAT",40264
"TRIP",40423
"EVENING",40881
"AFFECT",41496
"INSIDE",40856
"CONFERENCE",40643
"UNIT",41087
"BEST",39959
"STYLE",40889
"ADULT",40705
"WORRY",40210
"RANGE",41326
"MENTION",39815
"RATHER",41558
"FAR",39967
"DEEP",40126
"PAST",39559
"EDGE",40960
"INDIVIDUAL",42325
"SPECIFIC",42397
"WRITER",39666
"TROUBLE",39659
"NECESSARY",40776
"THROUGHOUT",40170
"CHALLENGE",40380
"FEAR",38857
"SHOULDER",42843
"INSTITUTION",42153
"MIDDLE",40402
"SEA",39516
"DREAM",39613
"BAR",39853
"BEAUTIFUL",40052
"PROPERTY",40027
"INSTEAD",39051
"IMPROVE",40214
"STUFF",40180
"DETAIL",38750
"METHOD",42667
"SIGN",39418
"SOMEBODY",41639
"MAGAZINE",39197
"HOTEL",39642
"SOLDIER",39552
"REFLECT",40687
"HEAVY",39160
"SEXUAL",41865
"CAUSE",38843
"BAG",40007
"HEAT",40363
"FALL",38822
"MARRIAGE",38517
"TOUGH",39600
"SING",38575
"SURFACE",39367
"PURPOSE",40084
"EXIST",39341
"PATTERN",40397
"WHOM",37950
"SKIN",39893
"AGENT",38265
"OWNER",39492
"MACHINE",38407
"GAS",38194
"DOWN",39633
"AHEAD",39705
"GENERATION",38323
"COMMERCIAL",40608
"ADDRESS",39774
"CANCER",39407
"TEST",38644
"ITEM",40336
"REALITY",38397
"COACH",40716
"STEP",39356
"MRS",40545
"YARD",39253
"BEAT",38268
"VIOLENCE",38474
"TOTAL",38798
"TEND",38295
"INVESTMENT",38810
"DISCUSSION",39616
"FINGER",40842
"GARDEN",38800
"NOTICE",38910
"COLLECTION",38431
"MODERN",38372
"TASK",39209
"PARTNER",37540
"POSITIVE",39310
"CIVIL",37742
"KITCHEN",39332
"CONSUMER",38079
"SHOT",37505
"BUDGET",39165
"WISH",37532
"PAINTING",39264
"SCIENTIST",37700
"SAFE",36547
"AGREEMENT",38141
"CAPITAL",37443
"MOUTH",40200
"NOR",37230
"VICTIM",36878
"NEWSPAPER",37522
"INSTEAD",36247
"THREAT",37022
"RESPONSIBILITY",37084
"SMILE",41473
"ATTORNEY",37959
"SCORE",39294
"ACCOUNT",36786
"INTERESTING",37473
"BREAK",40348
"AUDIENCE",36227
"RICH",35940
"DINNER",37156
"FIGURE",36137
"VOTE",39464
"WESTERN",37389
"RELATE",39143
"TRAVEL",35746
"DEBATE",37228
"PREVENT",36421
"CITIZEN",36408
"MAJORITY",36758
"NONE",35359
"FRONT",37363
"BORN",35352
"ADMIT",35143
"SENIOR",36598
"ASSUME",35960
"WIND",36478
"KEY",36056
"PROFESSIONAL",36319
"MISSION",35217
"FAST",35474
"ALONE",34982
"CUSTOMER",36000
"SUFFER",34675
"SPEECH",35504
"SUCCESSFUL",35459
"OPTION",35434
"PARTICIPANT",41462
"SOUTHERN",35314
"FRESH",35974
"EVENTUALLY",34534
"NO",35016
"FOREST",35429
"VIDEO",35230
"GLOBAL",36381
"SENATE",36809
"REFORM",36103
"ACCESS",35310
"RESTAURANT",35898
"JUDGE",35464
"PUBLISH",35062
"COST",34941
"RELATION",36963
"LIKE",35636
"RELEASE",34301
"OWN",34577
"BIRD",34835
"OPINION",34501
"CREDIT",34578
"CRITICAL",35824
"CORNER",35496
"CONCERNED",34331
"RECALL",34442
"VERSION",34456
"STARE",39266
"SAFETY",34188
"EFFECTIVE",35851
"NEIGHBORHOOD",34691
"ORIGINAL",34368
"ACT",34104
"TROOP",36001
"INCOME",34925
"DIRECTLY",34090
"HURT",34445
"SPECIES",35804
"IMMEDIATELY",33067
"TRACK",33788
"BASIC",34788
"STRIKE",33238
"HOPE",33019
"SKY",35141
"FREEDOM",34174
"ABSOLUTELY",36740
"PLANE",33900
"NOBODY",34280
"ACHIEVE",35166
"OBJECT",35040
"ATTITUDE",35437
"LABOR",34400
"REFER",34317
"CONCEPT",35944
"CLIENT",34027
"POWERFUL",33151
"PERFECT",33456
"NINE",32967
"THEREFORE",35842
"CONDUCT",34909
"ANNOUNCE",33305
"CONVERSATION",33046
"EXAMINE",35826
"TOUCH",34737
"PLEASE",34709
"ATTEND",33380
"COMPLETELY",32550
"VOTE",35224
"VARIETY",34242
"SLEEP",34801
"TURN",32944
"INVOLVED",33428
"INVESTIGATION",33849
"NUCLEAR",34264
"RESEARCHER",34742
"PRESS",33410
"CONFLICT",34710
"SPIRIT",32942
"EXPERIENCE",34009
"REPLACE",32688
"BRITISH",32929
"ENCOURAGE",33348
"ARGUMENT",33394
"BY",32560
"ONCE",32180
"CAMP",32659
"BRAIN",32852
"FEATURE",33344
"AFTERNOON",33202
"AM",34451
"WEEKEND",33239
"DOZEN",32432
"POSSIBILITY",32466
"ALONG",32475
"INSURANCE",32928
"DEPARTMENT",32252
"BATTLE",31989
"BEGINNING",31866
"DATE",31467
"GENERALLY",33191
"AFRICAN",34557
"VERY",31807
"SORRY",34270
"CRISIS",32924
"COMPLETE",32813
"FAN",32919
"STICK",32259
"DEFINE",33958
"EASILY",31755
"THROUGH",31838
"HOLE",32302
"ELEMENT",33053
"VISION",32358
"STATUS",33511
"NORMAL",31265
"CHINESE",32334
"SHIP",32588
"SOLUTION",32052
"STONE",32531
"SLOWLY",33403
"SCALE",34375
"BIT",32087
"UNIVERSITY",33000
"INTRODUCE",31345
"DRIVER",31633
"ATTEMPT",31944
"PARK",32322
"SPOT",31612
"LACK",32157
"ICE",31686
"BOAT",32079
"DRINK",32078
"SUN",32646
"FRONT",32087
"DISTANCE",31380
"WOOD",31801
"HANDLE",30634
"TRUCK",31536
"RETURN",31058
"MOUNTAIN",31322
"SURVEY",32784
"SUPPOSED",31005
"TRADITION",32110
"WINTER",31227
"VILLAGE",30741
"SOVIET",36193
"REFUSE",30173
"SALES",32145
"ROLL",31592
"COMMUNICATION",31577
"RUN",31325
"SCREEN",30758
"GAIN",30667
"RESIDENT",31836
"HIDE",31098
"GOLD",30733
"CLUB",30800
"FUTURE",31494
"FARM",30291
"POTENTIAL",31289
"INCREASE",31247
"MIDDLE",30199
"EUROPEAN",31455
"PRESENCE",30624
"INDEPENDENT",31044
"DISTRICT",31327
"SHAPE",30396
"READER",31442
"MS",31610
"CONTRACT",30906
"CROWD",30542
"CHRISTIAN",30726
"EXPRESS",30947
"APARTMENT",31012
"WILLING",29635
"STRENGTH",29769
"PREVIOUS",30490
"BAND",29769
"OBVIOUSLY",31299
"HORSE",30993
"INTERESTED",29155
"TARGET",29866
"PRISON",30248
"RIDE",30476
"GUARD",30159
"TERMS",30996
"DEMAND",30519
"REPORTER",30416
"DELIVER",29169
"TEXT",32316
"SHARE",30752
"TOOL",30286
"WILD",29473
"VEHICLE",29421
"OBSERVE",30737
"FLIGHT",29535
"INSIDE",30715
"FACILITY",30107
"UNDERSTANDING",31319
"AVERAGE",29717
"EMERGE",29496
"ADVANTAGE",29340
"QUICK",29108
"LIGHT",29731
"LEADERSHIP",30047
"EARN",29560
"POUND",29946
"BASIS",30377
"BRIGHT",29780
"OPERATE",29345
"GUEST",29328
"SAMPLE",32436
"CONTRIBUTE",30090
"TINY",29756
"BLOCK",28826
"PROTECTION",29336
"SETTLE",28827
"FEED",28494
"COLLECT",28946
"ADDITIONAL",29771
"WHILE",29579
"HIGHLY",29554
"IDENTITY",31163
"TITLE",29210
"MOSTLY",28178
"LESSON",28623
"FAITH",28710
"RIVER",28862
"PROMOTE",29679
"LIVING",28736
"PRESENT",30645
"COUNT",28836
"UNLESS",27908
"MARRY",28722
"TOMORROW",30098
"TECHNIQUE",29828
"PATH",28344
"EAR",29597
"SHOP",28589
"FOLK",28698
"ORDER",27950
"PRINCIPLE",30011
"SURVIVE",27682
"LIFT",29354
"BORDER",28636
"COMPETITION",28752
"JUMP",28504
"GATHER",27659
"LIMIT",28901
"FIT",27875
"CLAIM",28609
"CRY",29690
"EQUIPMENT",28023
"WORTH",27687
"ASSOCIATE",30406
"CRITIC",28244
"WARM",28600
"ASPECT",29460
"RESULT",29515
"INSIST",27205
"FAILURE",28234
"ANNUAL",28471
"FRENCH",27590
"CHRISTMAS",28046
"COMMENT",27712
"RESPONSIBLE",27569
"AFFAIR",27432
"APPROACH",27449
"UNTIL",27007
"PROCEDURE",29044
"REGULAR",27244
"SPREAD",27266
"CHAIRMAN",28560
"BASEBALL",28551
"SOFT",27970
"IGNORE",27023
"EGG",27917
"MEASURE",28612
"BELIEF",28844
"DEMONSTRATE",29170
"ANYBODY",28704
"MURDER",28335
"GIFT",27050
"RELIGION",28220
"REVIEW",28141
"EDITOR",27734
"PAST",28278
"ENGAGE",28194
"COFFEE",28331
"DOCUMENT",29437
"SPEED",27740
"CROSS",27524
"INFLUENCE",28387
"ANYWAY",28170
"THREATEN",26587
"COMMIT",26943
"FEMALE",27952
"YOUTH",27755
"WAVE",26844
"MOVE",26717
"AFRAID",27727
"QUARTER",27125
"BACKGROUND",26907
"NATIVE",28026
"BROAD",27191
"WONDERFUL",27494
"DENY",26675
"APPARENTLY",26513
"SLIGHTLY",26887
"REACTION",26771
"TWICE",26450
"SUIT",27066
"PERSPECTIVE",28324
"GROWING",26858
"BLOW",27254
"CONSTRUCTION",27114
"KIND",29474
"INTELLIGENCE",27555
"DESTROY",26177
"COOK",27725
"CONNECTION",26552
"CHARGE",26432
"BURN",26646
"SHOE",26945
"VIEW",27258
"GRADE",27178
"CONTEXT",29113
"COMMITTEE",26697
"HEY",27659
"MISTAKE",26080
"FOCUS",26815
"SMILE",28698
"LOCATION",26463
"CLOTHES",27033
"INDIAN",27100
"QUIET",26732
"DRESS",26669
"PROMISE",25720
"AWARE",25503
"NEIGHBOR",25497
"COMPLETE",25699
"DRIVE",26373
"FUNCTION",28011
"BONE",26282
"ACTIVE",26507
"EXTEND",25969
"CHIEF",26456
"AVERAGE",26568
"COMBINE",26570
"WINE",26682
"BELOW",26765
"COOL",26279
"VOTER",27768
"MEAN",28991
"DEMAND",25207
"LEARNING",28869
"BUS",25850
"HELL",27278
"DANGEROUS",25170
"REMIND",25525
"MORAL",26980
"UNITED",26396
"CATEGORY",27219
"RELATIVELY",26476
"VICTORY",26422
"KEY",25436
"ACADEMIC",28216
"VISIT",25000
"INTERNET",26983
"HEALTHY",26009
"FIRE",25390
"NEGATIVE",26847
"FOLLOWING",26643
"HISTORICAL",27266
"MEDICINE",25511
"TOUR",25781
"DEPEND",25405
"PHOTO",25492
"FINDING",28246
"GRAB",26951
"DIRECT",26008
"CLASSROOM",27531
"CONTACT",25218
"JUSTICE",25377
"PARTICIPATE",26500
"DAILY",25179
"FAIR",25064
"PAIR",25289
"FAMOUS",24631
"EXERCISE",25934
"KNEE",25912
"FLOWER",25642
"TAPE",25730
"HIRE",25073
"FAMILIAR",24515
"APPROPRIATE",26237
"SUPPLY",24920
"FULLY",24842
"CUT",25327
"WILL",24351
"ACTOR",24848
"BIRTH",24515
"SEARCH",27087
"TIE",24408
"DEMOCRACY",26039
"EASTERN",25103
"PRIMARY",26043
"YESTERDAY",26215
"CIRCLE",24735
"DEVICE",24918
"PROGRESS",24645
"NEXT",25720
"FRONT",24402
"BOTTOM",24653
"ISLAND",24311
"EXCHANGE",24826
"CLEAN",24325
"STUDIO",24765
"TRAIN",23990
"LADY",25436
"COLLEAGUE",24370
"APPLICATION",25735
"NECK",25716
"LEAN",26896
"DAMAGE",24155
"PLASTIC",24563
"TALL",25304
"PLATE",24592
"HATE",24921
"OTHERWISE",23793
"WRITING",24995
"PRESS",24716
"MALE",24873
"START",24071
"ALIVE",24184
"EXPRESSION",24748
"FOOTBALL",25271
"INTEND",23554
"ATTACK",23971
"CHICKEN",24465
"ARMY",23929
"ABUSE",24534
"THEATER",24447
"SHUT",24773
"MAP",23666
"EXTRA",24006
"SESSION",24010
"DANGER",23244
"WELCOME",25241
"DOMESTIC",24313
"LOTS",23750
"LITERATURE",26254
"RAIN",24134
"DESIRE",23994
"ASSESSMENT",26318
"INJURY",23935
"RESPECT",23274
"NORTHERN",23783
"NOD",27283
"PAINT",24038
"FUEL",23934
"LEAF",24044
"DIRECT",23298
"DRY",23809
"RUSSIAN",23739
"INSTRUCTION",25190
"FIGHT",23211
"POOL",23346
"CLIMB",24367
"SWEET",23843
"LEAD",23301
"ENGINE",23617
"FOURTH",23227
"SALT",24711
"EXPAND",23417
"IMPORTANCE",24946
"METAL",23317
"FAT",24844
"TICKET",23902
"SOFTWARE",23954
"DISAPPEAR",23389
"CORPORATE",23621
"STRANGE",23744
"LIP",25250
"READING",23919
"URBAN",23889
"MENTAL",23650
"INCREASINGLY",23529
"LUNCH",23220
"EDUCATIONAL",25282
"SOMEWHERE",23527
"FARMER",23005
"ABOVE",23866
"SUGAR",24310
"PLANET",23567
"FAVORITE",23159
"EXPLORE",23744
"OBTAIN",24538
"ENEMY",22621
"GREATEST",22673
"COMPLEX",23751
"SURROUND",22391
"ATHLETE",23868
"INVITE",22158
"REPEAT",22622
"CAREFULLY",22837
"SOUL",22713
"SCIENTIFIC",23691
"IMPOSSIBLE",22233
"PANEL",22529
"MEANING",24064
"MOM",23450
"MARRIED",22352
"ALONE",23106
"INSTRUMENT",23831
"PREDICT",22942
"WEATHER",22586
"PRESIDENTIAL",24057
"EMOTIONAL",22773
"COMMITMENT",23152
"SUPREME",23904
"BEAR",22190
"POCKET",23580
"THIN",23194
"TEMPERATURE",23111
"SURPRISE",22275
"POLL",24009
"PROPOSAL",22830
"CONSEQUENCE",23307
"HALF",22029
"BREATH",24668
"SIGHT",22878
"COVER",22301
"BALANCE",22243
"ADOPT",22880
"MINORITY",23167
"STRAIGHT",22929
"ATTEMPT",22758
"CONNECT",22100
"WORKS",22722
"TEACHING",24387
"BELONG",21856
"AID",22642
"ADVICE",21970
"OKAY",24243
"PHOTOGRAPH",22016
"EMPTY",23365
"REGIONAL",23182
"TRAIL",23030
"NOVEL",22392
"CODE",22015
"SOMEHOW",22267
"ORGANIZE",22389
"JURY",24072
"BREAST",22362
"IRAQI",25446
"HUMAN",22022
"ACKNOWLEDGE",21983
"THEME",22494
"STORM",22562
"UNION",22380
"RECORD",21939
"DESK",23455
"FEAR",21333
"THANKS",23061
"FRUIT",22401
"UNDER",21521
"EXPENSIVE",21706
"YELLOW",22452
"CONCLUSION",23034
"PRIME",22075
"SHADOW",22803
"STRUGGLE",21370
"CONCLUDE",22247
"ANALYST",22662
"DANCE",21799
"LIMIT",21714
"LIKE",21723
"REGULATION",22479
"BEING",21695
"LAST",21219
"RING",21873
"LARGELY",22097
"SHIFT",21323
"REVENUE",22445
"MARK",21236
"LOCATE",21843
"COUNTY",22675
"APPEARANCE",21146
"PACKAGE",21665
"DIFFICULTY",22288
"BRIDGE",21497
"RECOMMEND",21707
"OBVIOUS",21052
"TRAIN",21766
"BASICALLY",23265
"E-MAIL",22467
"GENERATE",22213
"ANYMORE",21771
"PROPOSE",21691
"THINKING",21663
"POSSIBLY",20953
"TREND",21894
"VISITOR",21490
"LOAN",22324
"CURRENTLY",21636
"COMFORTABLE",21101
"INVESTOR",22410
"BUT",20961
"PROFIT",21754
"ANGRY",21485
"CREW",21238
"DEEP",21413
"ACCIDENT",20964
"MALE",22398
"MEAL",21556
"HEARING",21560
"TRAFFIC",21296
"MUSCLE",21931
"NOTION",21801
"CAPTURE",21018
"PREFER",20946
"TRULY",20576
"EARTH",21350
"JAPANESE",21800
"CHEST",22508
"SEARCH",20943
"THICK",21932
"CASH",21343
"MUSEUM",21715
"BEAUTY",21060
"EMERGENCY",20796
"UNIQUE",21436
"FEATURE",21678
"INTERNAL",22025
"ETHNIC",22632
"LINK",21335
"STRESS",21813
"CONTENT",21821
"SELECT",21617
"ROOT",20774
"NOSE",21938
"DECLARE",20550
"OUTSIDE",21556
"APPRECIATE",20806
"ACTUAL",21321
"BOTTLE",21569
"HARDLY",20757
"SETTING",22004
"LAUNCH",20767
"DRESS",21362
"FILE",20832
"SICK",20906
"OUTCOME",22721
"AD",21064
"DEFEND",20510
"MATTER",20534
"JUDGE",20320
"DUTY",20204
"SHEET",20787
"OUGHT",21552
"ENSURE",21341
"CATHOLIC",20866
"EXTREMELY",20310
"EXTENT",21727
"COMPONENT",22085
"MIX",20642
"LONG-TERM",20841
"SLOW",20404
"CONTRAST",21581
"ZONE",20472
"WAKE",21330
"CHALLENGE",20510
"AIRPORT",20897
"CHIEF",20453
"BROWN",21175
"STANDARD",20917
"SHIRT",21486
"PILOT",20192
"WARN",19996
"ULTIMATELY",20387
"CAT",21135
"CONTRIBUTION",20912
"CAPACITY",21102
"OURSELVES",19926
"ESTATE",20673
"GUIDE",20646
"CIRCUMSTANCE",20310
"SNOW",21011
"ENGLISH",20235
"POLITICIAN",20360
"STEAL",20296
"PURSUE",20136
"SLIP",21233
"PERCENTAGE",20774
"MEAT",20271
"FUNNY",20399
"NEITHER",20100
"SOIL",20916
"INFLUENCE",21448
"SURGERY",20118
"CORRECT",20613
"JEWISH",20196
"BLAME",19798
"ESTIMATE",20474
"DUE",21141
"BASKETBALL",20955
"LATE",19727
"GOLF",20979
"INVESTIGATE",20117
"CRAZY",20345
"SIGNIFICANTLY",22038
"CHAIN",19688
"ADDRESS",19564
"BRANCH",19633
"COMBINATION",20026
"JUST",20096
"FREQUENTLY",20508
"GOVERNOR",20802
"RELIEF",19493
"USER",20681
"DAD",20164
"KICK",20092
"PART",19900
"MANNER",20012
"ANCIENT",19818
"SILENCE",21169
"RATING",20413
"GOLDEN",19852
"MOTION",19649
"GERMAN",20096
"GENDER",22190
"SOLVE",19501
"FEE",20263
"LANDSCAPE",20171
"USED",19130
"BOWL",20662
"EQUAL",19952
"LONG",19227
"OFFICIAL",19628
"FORTH",19531
"FRAME",20016
"TYPICAL",19724
"EXCEPT",19594
"CONSERVATIVE",19778
"ELIMINATE",19773
"HOST",19389
"HALL",20236
"TRUST",19482
"OCEAN",19421
"SCORE",20391
"ROW",19519
"PRODUCER",19679
"AFFORD",19035
"MEANWHILE",19504
"REGIME",21101
"DIVISION",19772
"CONFIRM",19327
"FIX",19349
"APPEAL",19561
"MIRROR",20081
"TOOTH",20515
"SMART",19370
"LENGTH",19624
"ENTIRELY",19075
"RELY",19614
"TOPIC",20640
"COMPLAIN",19102
"ISSUE",19300
"VARIABLE",22868
"BACK",19213
"RANGE",20067
"TELEPHONE",19311
"PERCEPTION",21086
"ATTRACT",19197
"CONFIDENCE",18955
"BEDROOM",20387
"SECRET",19125
"DEBT",19506
"RARE",18978
"HIS",19663
"TANK",19158
"NURSE",19385
"COVERAGE",19522
"OPPOSITION",19847
"ASIDE",19056
"ANYWHERE",18970
"BOND",19856
"FILE",19416
"PLEASURE",19099
"MASTER",18880
"ERA",19209
"REQUIREMENT",20358
"CHECK",18764
"STAND",18910
"FUN",18984
"EXPECTATION",19603
"WING",19028
"SEPARATE",19064
"NOW",19126
"CLEAR",19013
"STRUGGLE",19014
"MEAN",19792
"SOMEWHAT",18801
"POUR",19300
"STIR",20174
"JUDGMENT",19315
"CLEAN",18766
"EXCEPT",18857
"BEER",19349
"ENGLISH",18719
"REFERENCE",19559
"TEAR",19819
"DOUBT",18542
"GRANT",18598
"SERIOUSLY",18328
"ACCOUNT",19403
"MINISTER",19154
"TOTALLY",18720
"HERO",18348
"INDUSTRIAL",19413
"CLOUD",19214
"STRETCH",19014
"WINNER",19216
"VOLUME",18989
"TRAVEL",18634
"SEED",19079
"SURPRISED",18822
"REST",18915
"FASHION",18483
"PEPPER",20220
"SEPARATE",18251
"BUSY",18500
"INTERVENTION",21021
"COPY",18244
"TIP",18868
"BELOW",18353
"CHEAP",18371
"AIM",18194
"CITE",19011
"WELFARE",19580
"VEGETABLE",19363
"GRAY",19408
"DISH",18887
"BEACH",18451
"IMPROVEMENT",18977
"EVERYWHERE",18126
"OPENING",18058
"OVERALL",19031
"DIVIDE",18337
"INITIAL",19019
"TERRIBLE",18659
"OPPOSE",18484
"CONTEMPORARY",19293
"ROUTE",18313
"MULTIPLE",19512
"ESSENTIAL",19030
"QUESTION",17924
"LEAGUE",19766
"CRIMINAL",18424
"CAREFUL",17885
"CORE",18571
"UPPER",18196
"RUSH",18561
"NECESSARILY",18334
"SPECIFICALLY",18873
"TIRED",18597
"RISE",18055
"TIE",17787
"EMPLOY",18912
"HOLIDAY",18299
"DANCE",18263
"VAST",17836
"RESOLUTION",18922
"HOUSEHOLD",18450
"FEWER",18223
"ABORTION",18925
"APART",17872
"WITNESS",18920
"MATCH",17788
"BARELY",18533
"SECTOR",19103
"REPRESENTATIVE",18189
"LACK",18215
"BENEATH",19047
"BESIDE",19952
"BLACK",18441
"INCIDENT",17880
"LIMITED",18532
"PROUD",17841
"FLOW",18469
"FACULTY",20104
"INCREASED",18984
"WASTE",19069
"MERELY",18094
"MASS",18107
"EMPHASIZE",18933
"EXPERIMENT",18440
"DEFINITELY",18214
"BOMB",18284
"ENORMOUS",17482
"TONE",17954
"LIBERAL",18228
"MASSIVE",17551
"ENGINEER",17991
"WHEEL",18296
"FEMALE",18932
"DECLINE",18058
"INVEST",18080
"PROMISE",17342
"CABLE",18277
"TOWARDS",18305
"EXPOSE",17581
"RURAL",18665
"AIDS",19384
"JEW",17893
"NARROW",17840
"CREAM",18443
"SECRETARY",17922
"GATE",17999
"SOLID",17675
"HILL",18131
"TYPICALLY",18254
"NOISE",18024
"GRASS",18139
"UNFORTUNATELY",17482
"HAT",18198
"LEGISLATION",17934
"SUCCEED",17423
"EITHER",17257
"CELEBRATE",17421
"ACHIEVEMENT",18998
"FISHING",18103
"DRINK",18227
"ACCUSE",17778
"HAND",18231
"USEFUL",18205
"LAND",17401
"SECRET",17305
"REJECT",17656
"TALENT",17474
"TASTE",17409
"CHARACTERISTIC",19621
"MILK",17812
"ESCAPE",17195
"CAST",17163
"SENTENCE",17162
"UNUSUAL",16997
"CLOSELY",17220
"CONVINCE",16948
"HEIGHT",17403
"PHYSICIAN",17707
"ASSESS",19220
"SLEEP",17882
"PLENTY",17445
"RIDE",17654
"VIRTUALLY",17426
"FIRST",17332
"ADDITION",17641
"SHARP",17403
"CREATIVE",17597
"LOWER",17206
"BEHIND",17347
"APPROVE",17329
"EXPLANATION",17712
"OUTSIDE",16797
"GAY",17428
"CAMPUS",17541
"PROPER",17024
"LIVE",17365
"GUILTY",17596
"LIVING",16823
"ACQUIRE",17435
"COMPETE",17264
"TECHNICAL",17594
"PLUS",17202
"MIND",17378
"POTENTIAL",17523
"IMMIGRANT",17615
"WEAK",16628
"ILLEGAL",17258
"HI",18910
"ALTERNATIVE",17197
"INTERACTION",19144
"COLUMN",16810
"PERSONALITY",16933
"SIGNAL",16835
"CURRICULUM",19193
"LIST",17006
"HONOR",16686
"PASSENGER",16933
"ASSISTANCE",17396
"FOREVER",16890
"FUN",16932
"REGARD",16890
"ISRAELI",17967
"ASSOCIATION",17759
"TWENTY",17491
"KNOCK",17146
"REVIEW",16916
"WRAP",17073
"LAB",16498
"OFFER",16612
"DISPLAY",16806
"CRITICISM",17049
"ASSET",16977
"DEPRESSION",16976
"SPIRITUAL",17074
"MUSICAL",16931
"JOURNALIST",16858
"PRAYER",16296
"SUSPECT",16194
"SCHOLAR",17482
"WARNING",16205
"CLIMATE",17189
"CHEESE",17416
"OBSERVATION",17500
"CHILDHOOD",16268
"PAYMENT",16704
"SIR",17733
"PERMIT",16764
"CIGARETTE",17160
"DEFINITION",17499
"PRIORITY",16586
"BREAD",16686
"CREATION",16967
"GRADUATE",16803
"REQUEST",16241
"EMOTION",16062
"SCREAM",17342
"DRAMATIC",16233
"UNIVERSE",16596
"GAP",16216
"EXCELLENT",16094
"DEEPLY",15848
"PROSECUTOR",17260
"MARK",15973
"GREEN",16776
"LUCKY",16550
"DRAG",16685
"AIRLINE",17164
"LIBRARY",16314
"AGENDA",16449
"RECOVER",15786
"FACTORY",16240
"SELECTION",16706
"PRIMARILY",17015
"ROOF",16520
"UNABLE",15901
"EXPENSE",16274
"INITIATIVE",16445
"DIET",16933
"ARREST",16205
"FUNDING",16282
"THERAPY",16351
"WASH",16314
"SCHEDULE",15987
"SAD",16163
"BRIEF",15770
"HOUSING",16403
"POST",15693
"PURCHASE",16064
"EXISTING",16654
"DARK",16865
"STEEL",15982
"REGARDING",17220
"SHOUT",17239
"REMAINING",15992
"VISUAL",17316
"FAIRLY",15701
"CHIP",16162
"VIOLENT",15765
"SILENT",16802
"SUPPOSE",16562
"SELF",16708
"BIKE",17306
"TEA",16373
"PERCEIVE",17180
"COMPARISON",16809
"SETTLEMENT",16172
"LAYER",16250
"PLANNING",16434
"FAR",16006
"DESCRIPTION",16415
"LATER",15734
"SLOW",15633
"SLIDE",16805
"WIDELY",16000
"WEDDING",15829
"INFORM",15725
"PORTION",15677
"TERRITORY",15831
"IMMEDIATE",15680
"OPPONENT",15803
"ABANDON",15323
"LINK",15738
"MASS",15939
"LAKE",15836
"TRANSFORM",15815
"TENSION",15614
"DISPLAY",15575
"LEADING",15665
"BOTHER",15870
"CONSIST",16648
"ALCOHOL",15877
"ENABLE",16293
"BEND",16285
"SAVING",15917
"GAIN",15822
"DESERT",15653
"SHALL",15997
"ERROR",15980
"RELEASE",15540
"COP",16228
"ARAB",16732
"DOUBLE",15233
"WALK",15632
"SAND",15658
"SPANISH",15512
"RULE",15310
"HIT",15766
"PRINT",15634
"PRESERVE",15527
"PASSAGE",15702
"FORMAL",16078
"TRANSITION",16058
"EXISTENCE",15969
"ALBUM",15869
"PARTICIPATION",17187
"ARRANGE",15258
"ATMOSPHERE",15310
"JOINT",15444
"REPLY",16312
"CYCLE",15775
"OPPOSITE",15554
"LOCK",15616
"WHOLE",15558
"DESERVE",14944
"CONSISTENT",16334
"RESISTANCE",15686
"DISCOVERY",15358
"TEAR",15575
"EXPOSURE",15979
"POSE",15230
"STREAM",15400
"SALE",15351
"TRUST",15170
"BENEFIT",15424
"POT",15407
"GRAND",15659
"MINE",15794
"HELLO",16600
"COALITION",15720
"TALE",15004
"KNIFE",15792
"RESOLVE",15260
"RACIAL",15687
"PHASE",16045
"PRESENT",15267
"JOKE",15284
"COAT",16010
"MEXICAN",15514
"SYMPTOM",15886
"CONTACT",15359
"MANUFACTURER",15741
"PHILOSOPHY",15746
"POTATO",15561
"INTERVIEW",15687
"FOUNDATION",15273
"QUOTE",15415
"ONLINE",15848
"PASS",15599
"NEGOTIATION",15680
"GOOD",15259
"URGE",14894
"OCCASION",14792
"DUST",15475
"BREATHE",15813
"ELECT",15350
"INVESTIGATOR",15258
"JACKET",15692
"GLAD",15556
"ORDINARY",14776
"REDUCTION",15862
"RARELY",14912
"SHIFT",15114
"PACK",15169
"SUICIDE",15145
"NUMEROUS",15389
"TOUCH",14939
"SUBSTANCE",15909
"DISCIPLINE",15684
"ELSEWHERE",14884
"IRON",15043
"PRACTICAL",15303
"MOREOVER",16163
"PASSION",14632
"VOLUNTEER",14958
"IMPLEMENT",16124
"ESSENTIALLY",15020
"GENE",15377
"ENFORCEMENT",15052
"VS",16003
"SAUCE",15903
"INDEPENDENCE",15259
"MARKETING",15259
"PRIEST",14889
"AMAZING",15124
"INTENSE",14452
"ADVANCE",14645
"EMPLOYER",14846
"SHOCK",14551
"INSPIRE",14771
"ADJUST",14564
"RETIRE",14979
"SURE",14854
"VISIBLE",14691
"KISS",16128
"ILLNESS",14726
"CAP",14672
"HABIT",14501
"COMPETITIVE",14938
"JUICE",15388
"CONGRESSIONAL",14936
"INVOLVEMENT",15640
"DOMINATE",14768
"PREVIOUSLY",15092
"WHENEVER",14484
"TRANSFER",14686
"ANALYZE",15587
"ANOTHER",14441
"ATTACH",14552
"FOR",14594
"INDIAN",15021
"DISASTER",14684
"PARKING",14970
"PROSPECT",14521
"BOSS",14587
"COMPLAINT",14551
"CHAMPIONSHIP",16008
"COACH",15910
"EXERCISE",14766
"FUNDAMENTAL",15199
"SEVERE",14609
"ENHANCE",15393
"MYSTERY",14211
"IMPOSE",14881
"POVERTY",14891
"OTHER",14165
"ENTRY",14643
"FAT",14826
"SPENDING",14965
"KING",14445
"EVALUATE",15780
"SYMBOL",14596
"STILL",14308
"TRADE",14624
"MAKER",14586
"MOOD",14227
"ACCOMPLISH",14325
"EMPHASIS",15337
"ILLUSTRATE",15091
"BOOT",15033
"MONITOR",14499
"ASIAN",14873
"ENTERTAINMENT",14615
"BEAN",14996
"EVALUATION",16213
"CREATURE",14852
"COMMANDER",14425
"DIGITAL",15048
"ARRANGEMENT",14403
"CONCENTRATE",14155
"TOTAL",14559
"USUAL",14305
"ANGER",14241
"PSYCHOLOGICAL",15249
"HEAVILY",13964
"PEAK",14481
"APPROXIMATELY",15172
"INCREASING",14886
"DISORDER",14780
"MISSILE",15147
"EQUALLY",14389
"VARY",14954
"WIRE",14310
"ROUND",14539
"DISTRIBUTION",15249
"TRANSPORTATION",14516
"HOLY",14090
"RING",14757
"TWIN",14610
"COMMAND",14022
"COMMISSION",14371
"INTERPRETATION",15613
"BREAKFAST",14397
"STOP",14117
"STRONGLY",14459
"ENGINEERING",14853
"LUCK",14186
"SO-CALLED",14065
"CONSTANT",14069
"RACE",14233
"CLINIC",14016
"VETERAN",14366
"SMELL",15214
"TABLESPOON",15804
"CAPABLE",13933
"NERVOUS",14100
"TOURIST",13895
"LIGHT",14720
"TOSS",14565
"CRUCIAL",14234
"BURY",14030
"PRAY",14006
"TOMATO",14864
"EXCEPTION",14136
"BUTTER",14780
"DEFICIT",15008
"BATHROOM",14725
"OBJECTIVE",15107
"BLOCK",13688
"ELECTRONIC",14057
"ALLY",14025
"JOURNEY",13599
"REPUTATION",13681
"MIXTURE",14856
"SURELY",13904
"TOWER",13948
"SMOKE",14327
"CONFRONT",13757
"PURE",13671
"GLANCE",16008
"DIMENSION",14965
"TOY",13935
"PRISONER",13928
"FELLOW",13585
"SMOOTH",14148
"NEARBY",13820
"PEER",14738
"DESIGNER",14210
"PERSONNEL",14095
"SHAPE",13859
"EDUCATOR",15447
"RELATIVE",13541
"IMMIGRATION",14526
"BELT",13826
"TEASPOON",15767
"BIRTHDAY",13757
"IMPLICATION",14791
"PERFECTLY",13671
"COAST",13515
"SUPPORTER",13970
"ACCOMPANY",13666
"SILVER",14033
"TEENAGER",13615
"RECOGNITION",14249
"RETIREMENT",13964
"FLAG",13655
"RECOVERY",13703
"WHISPER",15383
"WATCH",13996
"GENTLEMAN",14648
"CORN",13739
"MOON",13959
"INNER",13545
"JUNIOR",13797
"RATHER",13611
"THROAT",14681
"SALARY",13885
"SWING",14317
"OBSERVER",13806
"DUE",13252
"STRAIGHT",13474
"PUBLICATION",14045
"PRETTY",13951
"CROP",13733
"DIG",13633
"STRIKE",13686
"PERMANENT",13390
"PLANT",13526
"PHENOMENON",14087
"ANXIETY",14088
"UNLIKE",13248
"WET",13963
"LITERALLY",13425
"RESIST",13330
"CONVENTION",14497
"EMBRACE",13183
"SUPPLY",13399
"ASSIST",13748
"EXHIBITION",13987
"CONSTRUCT",14234
"VIEWER",13479
"PAN",14148
"CONSULTANT",13646
"SOON",13547
"LINE",13373
"ADMINISTRATOR",14058
"DATE",13231
"OCCASIONALLY",13321
"MAYOR",13903
"CONSIDERATION",14047
"CEO",13956
"SECURE",13181
"PINK",13849
"SMOKE",13438
"ESTIMATE",13718
"BUCK",13693
"HISTORIC",13507
"POEM",13702
"GRANDMOTHER",13670
"BIND",13109
"FIFTH",13150
"CONSTANTLY",13033
"ENTERPRISE",13542
"FAVOR",13235
"TESTING",13725
"STOMACH",13845
"APPARENT",13434
"WEIGH",13051
"INSTALL",13584
"SENSITIVE",13115
"SUGGESTION",13145
"MAIL",13024
"RECIPE",13840
"REASONABLE",13130
"PREPARATION",13553
"WOODEN",13518
"ELEMENTARY",13831
"CONCERT",13270
"AGGRESSIVE",13191
"FALSE",12871
"INTENTION",13207
"CHANNEL",12975
"EXTREME",13064
"TUBE",13364
"DRAWING",13377
"PROTEIN",14036
"QUIT",13045
"ABSENCE",13597
"ROLL",13053
"LATIN",13797
"RAPIDLY",13066
"JAIL",13324
"COMMENT",12930
"DIVERSITY",13872
"HONEST",12916
"PALESTINIAN",14008
"PACE",12891
"EMPLOYMENT",13673
"SPEAKER",12889
"IMPRESSION",12746
"ESSAY",13802
"RESPONDENT",15057
"GIANT",12963
"CAKE",13336
"HISTORIAN",13437
"NEGOTIATE",13043
"RESTORE",12814
"SUBSTANTIAL",13376
"POP",13123
"PARTICULAR",13259
"SPECIALIST",13041
"ORIGIN",13654
"APPROVAL",12795
"MINE",12824
"QUIETLY",13503
"ADVISE",12709
"CONVENTIONAL",13209
"DROP",12757
"COUNT",13007
"DEPTH",12927
"WEALTH",12886
"DISABILITY",14197
"SHELL",12957
"GENERAL",13256
"CRITICIZE",12906
"FAST",12738
"PROFESSIONAL",13402
"EFFECTIVELY",13277
"BIOLOGICAL",13233
"PACK",13238
"ONION",13769
"DEPUTY",12972
"FLAT",12899
"BRAND",13103
"ASSURE",12542
"MAD",12903
"AWARD",12874
"CRITERIA",14160
"DEALER",12999
"VIA",13064
"ALTERNATIVE",13289
"UTILITY",13150
"PRECISELY",12878
"ARISE",13351
"ARMED",12966
"NEVERTHELESS",13190
"HIGHWAY",12649
"CLINICAL",13593
"ROUTINE",12576
"SCHEDULE",12881
"WAGE",13033
"NORMALLY",12402
"PHRASE",12558
"INGREDIENT",13382
"STAKE",12603
"MUSLIM",13147
"DREAM",12887
"FIBER",13606
"ACTIVIST",12737
"ISLAMIC",13323
"SNAP",13362
"TERRORISM",13806
"REFUGEE",13010
"INCORPORATE",13310
"HIP",12863
"ULTIMATE",12542
"SWITCH",12508
"CORPORATION",12612
"VALUABLE",12628
"ASSUMPTION",13434
"GEAR",12872
"GRADUATE",12480
"BARRIER",12772
"MINOR",12346
"PROVISION",13256
"KILLER",12631
"ASSIGN",12836
"GANG",12662
"DEVELOPING",13171
"CLASSIC",12610
"CHEMICAL",12673
"WAVE",13567
"LABEL",12497
"TEEN",12663
"INDEX",12751
"VACATION",12424
"ADVOCATE",12565
"DRAFT",12684
"EXTRAORDINARY",12356
"HEAVEN",12461
"ROUGH",12365
"YELL",13131
"PREGNANT",12329
"DISTANT",12542
"DRAMA",12393
"SATELLITE",12438
"PERSONALLY",12317
"WONDER",12265
"CLOCK",12395
"CHOCOLATE",12682
"ITALIAN",12384
"CANADIAN",12820
"CEILING",12668
"SWEEP",12431
"ADVERTISING",12601
"UNIVERSAL",12590
"SPIN",12673
"HOUSE",12268
"BUTTON",12552
"BELL",12421
"RANK",12236
"DARKNESS",13275
"AHEAD",12125
"CLOTHING",12078
"SUPER",12586
"YIELD",12634
"FENCE",12390
"PORTRAIT",12340
"PAINT",12673
"SURVIVAL",12335
"ROUGHLY",12200
"LAWSUIT",12656
"BOTTOM",12169
"TESTIMONY",12679
"BUNCH",12225
"BEAT",13118
"WIND",12054
"FOUND",12376
"BURDEN",12054
"REACT",11874
"CHAMBER",12034
"FURNITURE",12461
"COOPERATION",12833
"STRING",11974
"CEREMONY",11923
"COMMUNICATE",12179
"TASTE",12397
"CHEEK",13411
"LOST",11886
"PROFILE",12089
"MECHANISM",12948
"DISAGREE",12280
"LIKE",13238
"PENALTY",12310
"MATCH",12025
"IE",13724
"ADVANCE",12056
"RESORT",12379
"DESTRUCTION",12356
"BEAR",12194
"UNLIKELY",11869
"TISSUE",12342
"CONSTITUTIONAL",12567
"PANT",12457
"STRANGER",12261
"INFECTION",12402
"CABINET",11846
"BROKEN",12097
"APPLE",12172
"ELECTRIC",12007
"PROCEED",11808
"TRACK",11773
"BET",12079
"LITERARY",12801
"VIRUS",12106
"STUPID",12467
"DISPUTE",12203
"FORTUNE",11815
"STRATEGIC",12347
"ASSISTANT",11828
"OVERCOME",11801
"REMARKABLE",11683
"OCCUPY",11756
"STATISTICS",12086
"SHOPPING",11957
"COUSIN",12155
"ENCOUNTER",11974
"WIPE",12435
"INITIALLY",12022
"BLIND",12005
"WHITE",11815
"PORT",11893
"HONOR",11653
"ELECTRICITY",11954
"GENETIC",12069
"ADVISER",12112
"PAY",11883
"SPOKESMAN",12689
"RETAIN",12041
"LATTER",12527
"INCENTIVE",12105
"SLAVE",11863
"CHEMICAL",12006
"TRANSLATE",11722
"ACCURATE",11842
"WHEREAS",12668
"TERROR",12342
"THOUGH",12073
"EXPANSION",12054
"ELITE",12329
"OLYMPIC",13072
"DIRT",12063
"ODD",11849
"RICE",11944
"BULLET",11706
"TIGHT",11641
"BIBLE",11539
"CHART",11861
"SOLAR",12121
"DECLINE",11956
"CONSERVATIVE",11941
"PROCESS",11940
"SQUARE",11630
"STICK",11795
"CONCENTRATION",12146
"COMPLICATED",11306
"GENTLY",12233
"CHAMPION",12247
"SCENARIO",11747
"TELESCOPE",12754
"REFLECTION",11882
"REVOLUTION",11800
"STRIP",11543
"INTERPRET",12321
"FRIENDLY",11360
"TOURNAMENT",12684
"FICTION",11701
"DETECT",11776
"BALANCE",11536
"LIKELY",11551
"TREMENDOUS",11678
"LIFETIME",11293
"RECOMMENDATION",11824
"FLOW",11365
"SENATOR",12091
"MARKET",11650
"HUNTING",12100
"SALAD",12103
"GUARANTEE",11430
"INNOCENT",11530
"BOUNDARY",12082
"PAUSE",12583
"REMOTE",11346
"SATISFACTION",12237
"JOURNAL",11849
"BENCH",11666
"LOVER",11499
"RAW",11310
"AWARENESS",12013
"SURPRISING",11327
"WITHDRAW",11352
"GENERAL",11344
"DECK",11830
"SIMILARLY",12180
"NEWLY",11388
"POLE",11446
"TESTIFY",11843
"MODE",12107
"DIALOGUE",11706
"IMPLY",12061
"NATURALLY",11304
"MUTUAL",11566
"FOUNDER",11570
"TOP",11397
"ADVANCED",11626
"PRIDE",11107
"DISMISS",11160
"AIRCRAFT",11591
"DELIVERY",11323
"MAINLY",11367
"BAKE",12253
"FREEZE",11596
"PLATFORM",11209
"FINANCE",11501
"SINK",11592
"ATTRACTIVE",11119
"RESPECT",11083
"DIVERSE",12015
"RELEVANT",12212
"IDEAL",11609
"JOY",11171
"WORTH",11237
"REGULARLY",11329
"WORKING",11200
"SINGER",11277
"EVOLVE",11442
"SHOOTING",11633
"PARTLY",11132
"UNKNOWN",11095
"ASSISTANT",11391
"OFFENSE",11680
"COUNTER",11676
"DNA",11580
"SMELL",12123
"POTENTIALLY",11387
"TRANSFER",11830
"THIRTY",11637
"JUSTIFY",11409
"PROTEST",11181
"CRASH",11250
"CRAFT",11559
"TREATY",11689
"TERRORIST",12169
"INSIGHT",11591
"POSSESS",11474
"POLITICALLY",11324
"TAP",11279
"LIE",11199
"EXTENSIVE",11580
"EPISODE",11070
"DOUBLE",11195
"SWIM",11342
"TIRE",11494
"FAULT",11116
"LOOSE",11299
"FREE",10898
"SHORTLY",10864
"ORIGINALLY",10995
"CONSIDERABLE",11544
"PRIOR",11746
"INTELLECTUAL",11842
"MIX",11247
"ASSAULT",11039
"RELAX",11202
"STAIR",12171
"ADVENTURE",11031
"EXTERNAL",12260
"PROOF",10775
"CONFIDENT",10831
"HEADQUARTERS",11135
"SUDDEN",11370
"DIRTY",11112
"VIOLATION",11154
"TONGUE",11674
"LICENSE",10943
"HOLD",10984
"SHELTER",10891
"RUB",11695
"CONTROVERSY",11054
"ENTRANCE",11121
"FAVORITE",11134
"PRACTICE",10858
"PROPERLY",10783
"FADE",11373
"DEFENSIVE",11442
"TRAGEDY",11039
"NET",10918
"CHARACTERIZE",11799
"FUNERAL",11086
"PROFESSION",11469
"ALTER",11106
"SPOT",11143
"CONSTITUTE",11945
"ESTABLISHMENT",11355
"SQUEEZE",11280
"IMAGINATION",10913
"TARGET",10960
"MASK",11196
"CONVERT",10990
"COMPREHENSIVE",11602
"PROMINENT",10948
"PRESENTATION",11372
"REGARDLESS",11042
"EASY",10790
"LOAD",10736
"STABLE",10964
"INTRODUCTION",11483
"APPEAL",10745
"PRETEND",11330
"NOT",11295
"ELDERLY",10976
"REPRESENTATION",12063
"DEER",11665
"SPLIT",10593
"VIOLATE",10822
"PARTNERSHIP",11115
"POLLUTION",11396
"EMISSION",11688
"STEADY",10715
"VITAL",10866
"NEITHER",10587
"FATE",10521
"EARNINGS",11324
"OVEN",11454
"DISTINCTION",11383
"SEGMENT",10850
"NOWHERE",10658
"POET",10840
"MERE",10778
"EXCITING",10595
"VARIATION",11403
"COMFORT",10674
"RADICAL",10924
"STRESS",10951
"ADAPT",10987
"IRISH",10833
"HONEY",11009
"CORRESPONDENT",12008
"PALE",11598
"MUSICIAN",10580
"SIGNIFICANCE",11520
"LOAD",10869
"ROUND",10771
"VESSEL",10920
"STORAGE",10893
"FLEE",10508
"MM-HMM",13755
"LEATHER",11155
"DISTRIBUTE",10747
"EVOLUTION",11066
"ILL",10446
"TRIBE",10855
"SHELF",10741
"CAN",10718
"GRANDFATHER",11003
"LAWN",10815
"BUYER",10953
"DINING",10843
"WISDOM",10561
"COUNCIL",10695
"VULNERABLE",10397
"INSTANCE",10885
"GARLIC",11449
"CAPABILITY",10906
"POETRY",10671
"CELEBRITY",10756
"GRADUALLY",10537
"STABILITY",10901
"DOUBT",10352
"FANTASY",10448
"SCARED",10752
"GUIDE",10524
"PLOT",10484
"FRAMEWORK",11710
"GESTURE",10739
"DEPENDING",10461
"ONGOING",10721
"PSYCHOLOGY",11316
"SINCE",10334
"COUNSELOR",12170
"WITNESS",10178
"CHAPTER",10579
"FELLOW",10339
"DIVORCE",10322
"OWE",10141
"PIPE",10432
"ATHLETIC",10803
"SLIGHT",10500
"MATH",10430
"SHADE",10677
"TAIL",10663
"SUSTAIN",10550
"MOUNT",10303
"OBLIGATION",10538
"ANGLE",10456
"PALM",11014
"DIFFER",11222
"CUSTOM",10408
"STORE",10446
"ECONOMIST",10625
"FIFTEEN",10739
"SOUP",10571
"CELEBRATION",10209
"EFFICIENT",10452
"DAMAGE",10163
"COMPOSITION",10961
"SATISFY",10194
"PILE",10594
"BRIEFLY",10125
"CARBON",10799
"CLOSER",9976
"CONSUME",10308
"SCHEME",10428
"CRACK",10330
"FREQUENCY",11284
"TOBACCO",10600
"SURVIVOR",10317
"BESIDES",10537
"IN",9996
"PSYCHOLOGIST",10698
"WEALTHY",10054
"GALAXY",11159
"GIVEN",10622
"FUND",10218
"SKI",11656
"LIMITATION",11038
"OK",10733
"TRACE",10033
"APPOINTMENT",9993
"PREFERENCE",10833
"METER",10246
"EXPLOSION",10148
"ARREST",10250
"PUBLICLY",10169
"INCREDIBLE",10342
"FIGHTER",10306
"RAPID",10427
"ADMISSION",10356
"HUNTER",10839
"EDUCATE",10171
"PAINFUL",9896
"FRIENDSHIP",10130
"AIDE",10335
"INFANT",10205
"CALCULATE",10485
"FIFTY",10524
"RID",10104
"PORCH",10894
"TENDENCY",10642
"UNIFORM",10193
"FORMATION",10553
"SCHOLARSHIP",10305
"RESERVATION",10215
"EFFICIENCY",10579
"WASTE",9956
"QUALIFY",10090
"MALL",10189
"DERIVE",10913
"SCANDAL",10403
"PC",11072
"HELPFUL",10120
"IMPRESS",9896
"HEEL",10288
"RESEMBLE",10050
"PRIVACY",9956
"FABRIC",10320
"SURPRISE",10023
"CONTEST",10002
"PROPORTION",10521
"GUIDELINE",10303
"RIFLE",10204
"MAINTENANCE",10167
"CONVICTION",9834
"TRICK",10041
"ORGANIC",10572
"TENT",10110
"EXAMINATION",10722
"PUBLISHER",10282
"STRENGTHEN",10159
"FRENCH",9845
"PROPOSED",10288
"MYTH",10161
"SOPHISTICATED",9886
"COW",10032
"ETC",10112
"STANDING",9691
"ASLEEP",10684
"TENNIS",9985
"NERVE",9933
"BARREL",9951
"BOMBING",10462
"MEMBERSHIP",10273
"RATIO",10457
"MENU",10238
"PURCHASE",10001
"CONTROVERSIAL",9918
"DESPERATE",9795
"RATE",10244
"LIFESTYLE",9904
"HUMOR",9654
"LOUD",10324
"GLOVE",10218
"SUSPECT",10204
"SUFFICIENT",10275
"NARRATIVE",10954
"PHOTOGRAPHER",9739
"HAY",9986
"CATHOLIC",9955
"MODEST",9746
"PROVIDER",10196
"DELAY",9868
"AGRICULTURAL",10535
"EXPLODE",9821
"STROKE",9891
"SCOPE",10115
"PUNISHMENT",9986
"HANDFUL",9735
"BADLY",9652
"HORIZON",9857
"CURIOUS",9738
"DOWNTOWN",10172
"GIRLFRIEND",9832
"PROMPT",9741
"REQUEST",9619
"CHOLESTEROL",10641
"ABSORB",9762
"ADJUSTMENT",10309
"TAXPAYER",10113
"EAGER",9627
"PRINCIPAL",9920
"DETAILED",10006
"MOTIVATION",10566
"ASSIGNMENT",9874
"RESTRICTION",9928
"ACROSS",9825
"PALESTINIAN",10484
"LABORATORY",9972
"WORKSHOP",9926
"DIFFERENTLY",9565
"AUTO",10006
"ROMANTIC",9561
"COTTON",9734
"MOTOR",9977
"SUE",9797
"FLAVOR",10143
"OVERLOOK",9553
"FLOAT",9982
"UNDERGO",9826
"SEQUENCE",10041
"DEMONSTRATION",9729
"JET",9690
"ORANGE",9755
"CONSUMPTION",10162
"ASSERT",10125
"BLADE",10394
"TEMPORARY",9465
"MEDICATION",9789
"PRINT",9508
"CABIN",9955
"BITE",9982
"RELATIVE",10283
"EDITION",9638
"VALLEY",9708
"YOURS",10004
"PITCH",9586
"PINE",9824
"BRILLIANT",9493
"VERSUS",10007
"MANUFACTURING",9822
"RISK",9285
"CHRISTIAN",9751
"COMPLEX",9573
"ABSOLUTE",9622
"CHEF",10131
"DISCRIMINATION",9872
"OFFENSIVE",9902
"GERMAN",9586
"SUIT",9477
"BOOM",9457
"REGISTER",9389
"APPOINT",9541
"HERITAGE",9670
"GOD",9694
"TERRORIST",10390
"DOMINANT",10143
"SUCCESSFULLY",9728
"SHIT",11047
"LEMON",10095
"HUNGRY",9653
"SENSE",9697
"DRY",9678
"WANDER",9822
"SUBMIT",9507
"ECONOMICS",9758
"NAKED",9897
"ANTICIPATE",9345
"NUT",9605
"LEGACY",9461
"EXTENSION",9672
"SHRUG",10689
"FLY",9689
"BATTERY",9793
"ARRIVAL",9302
"LEGITIMATE",9543
"ORIENTATION",10613
"INFLATION",9758
"COPE",9952
"FLAME",9716
"CLUSTER",9821
"HOST",9750
"WOUND",9404
"DEPENDENT",10029
"SHOWER",9624
"INSTITUTIONAL",10397
"DEPICT",9721
"OPERATING",9480
"FLESH",9867
"GARAGE",9573
"OPERATOR",9351
"INSTRUCTOR",9912
"COLLAPSE",9163
"BORROW",9150
"FURTHERMORE",10349
"COMEDY",9596
"MORTGAGE",10022
"SANCTION",10163
"CIVILIAN",9684
"TWELVE",9638
"WEEKLY",9297
"HABITAT",9665
"GRAIN",9520
"BRUSH",9806
"CONSCIOUSNESS",9758
"DEVOTE",9326
"CRACK",9334
"MEASUREMENT",10187
"PROVINCE",9491
"EASE",9247
"SEIZE",9106
"ETHICS",9561
"NOMINATION",9698
"PERMISSION",9298
"WISE",9101
"ACTRESS",9448
"SUMMIT",9628
"ACID",9772
"ODDS",9094
"GIFTED",10941
"FRUSTRATION",9005
"MEDIUM",9523
"FUNCTION",9570
"PHYSICALLY",9039
"GRANT",9372
"DISTINGUISH",9664
"SHORE",9191
"REPEATEDLY",9059
"LUNG",9206
"FIRM",9036
"RUNNING",9271
"CORRECT",8988
"DISTINCT",9682
"ARTISTIC",9423
"DISCOURSE",10560
"BASKET",9316
"AH",9788
"FIGHTING",9274
"IMPRESSIVE",9100
"COMPETITOR",9377
"UGLY",9267
"WORRIED",9215
"PORTRAY",9202
"POWDER",9639
"GHOST",9564
"PERSUADE",8998
"MODERATE",9220
"SUBSEQUENT",9796
"CONTINUED",9402
"COOKIE",9480
"CARRIER",9251
"COOKING",9403
"FREQUENT",9267
"BAN",9226
"SWING",9214
"ORANGE",9219
"AWFUL",9300
"ADMIRE",9016
"PET",9118
"MIRACLE",8981
"EXCEED",9362
"RHYTHM",9010
"WIDESPREAD",9319
"KILLING",9109
"LOVELY",9327
"SIN",9048
"CHARITY",9054
"SCRIPT",8924
"TACTIC",8993
"IDENTIFICATION",9793
"TRANSFORMATION",9561
"EVERYDAY",9065
"HEADLINE",9272
"CRASH",9101
"VENTURE",9278
"INVASION",9412
"MILITARY",9288
"NONETHELESS",9168
"ADEQUATE",9406
"PIANO",8968
"GROCERY",9017
"INTENSITY",9238
"EXHIBIT",9459
"HIGH",8771
"BLANKET",9385
"MARGIN",8994
"PRINCIPAL",9218
"QUARTERBACK",10014
"MOUSE",9449
"ROPE",9300
"CONCRETE",8871
"PRESCRIPTION",9169
"AFRICAN-AMERICAN",9121
"CHASE",8980
"DOCUMENT",9274
"BRICK",9069
"RECRUIT",9028
"PATCH",9155
"CONSENSUS",9250
"HORROR",8875
"RECORDING",8866
"CHANGING",9055
"PAINTER",9153
"COLONIAL",9628
"PIE",9019
"SAKE",8954
"GAZE",9852
"COURAGE",8720
"PREGNANCY",8944
"SWEAR",9181
"DEFEAT",8945
"CLUE",8732
"REINFORCE",9345
"WIN",9584
"CONFUSION",8751
"SLICE",9337
"OCCUPATION",9115
"DEAR",9151
"COAL",8928
"SACRED",9018
"CRIMINAL",8854
"FORMULA",8965
"COGNITIVE",10166
"COLLECTIVE",9384
"EXACT",8643
"UNCLE",9355
"SQUARE",8906
"CAPTAIN",9087
"SIGH",10099
"ATTRIBUTE",9228
"DARE",9033
"OKAY",9499
"HOMELESS",9149
"COOL",8980
"GALLERY",8963
"SOCCER",9212
"DEFENDANT",9230
"TUNNEL",9024
"FITNESS",9261
"LAP",9260
"GRAVE",8868
"TOE",9047
"CONTAINER",8956
"VIRTUE",9111
"ABROAD",8788
"ARCHITECT",8969
"DRAMATICALLY",8712
"MAKEUP",8916
"INQUIRY",9136
"ROSE",8988
"SURPRISINGLY",8704
"HIGHLIGHT",9119
"DECREASE",9291
"INDICATION",8715
"RAIL",8826
"ANNIVERSARY",8676
"COUCH",9209
"ALLIANCE",8948
"HYPOTHESIS",9890
"BOYFRIEND",8755
"COMPOSE",8866
"PEER",9099
"MESS",8745
"RANK",8879
"LEGEND",8660
"REGULATE",8856
"ADOLESCENT",10568
"SHINE",8984
"NORM",9360
"UPSET",8570
"REMARK",8453
"RESIGN",8867
"REWARD",8662
"GENTLE",8766
"RELATED",9227
"ORGAN",8596
"LIGHTLY",8893
"CONCERNING",9329
"INVENT",8461
"LAUGHTER",9019
"FIT",8550
"NORTHWEST",8650
"COUNSELING",9303
"TIGHT",8980
"RECEIVER",8882
"RITUAL",8883
"INSECT",8814
"INTERRUPT",8757
"SALMON",8860
"FAVOR",8403
"TRADING",8787
"CONCERN",8702
"MAGIC",8506
"SUPERIOR",8632
"COMBAT",8675
"STEM",8963
"SURGEON",8519
"ACCEPTABLE",8723
"PHYSICS",9184
"RAPE",8790
"COUNSEL",9387
"BRUSH",8821
"JEANS",8851
"HUNT",8812
"CONTINUOUS",8996
"LOG",8606
"ECHO",8477
"PILL",8537
"EXCITED",8491
"SCULPTURE",8659
"COMPOUND",8573
"INTEGRATE",9060
"FLOUR",9103
"BITTER",8353
"BARE",8943
"SLOPE",8573
"RENT",8446
"PRESIDENCY",8814
"SERVING",9453
"SUBTLE",8442
"GREATLY",8648
"BISHOP",8639
"DRINKING",8446
"DELAY",8333
"CRY",8648
"ACCEPTANCE",8870
"COLLAPSE",8397
"SHOP",8509
"PUMP",8617
"CANDY",8633
"EVIL",8391
"FINAL",8964
"FINANCE",8571
"PLEASED",8502
"MEDAL",8991
"BEG",8542
"SPONSOR",8542
"ETHICAL",9018
"SECONDARY",9121
"SLAM",9076
"EXPORT",9013
"EXPERIMENTAL",9019
"MELT",8533
"MIDNIGHT",8440
"NET",8563
"CURVE",8397
"INTEGRITY",8463
"ENTITLE",8381
"EVIDENT",8753
"LOGIC",8646
"ESSENCE",8388
"PARK",8650
"EXCLUDE",8780
"HARSH",8092
"CLOSET",8597
"SUBURBAN",8463
"GREET",8367
"FAVOR",8357
"INTERIOR",8370
"CORRIDOR",8842
"MURDER",8462
"RETAIL",8600
"PITCHER",8835
"MARCH",8267
"SNAKE",8523
"PITCH",8628
"EXCUSE",8722
"CROSS",8207
"WEAKNESS",8275
"PIG",8307
"COLD",8527
"CLASSICAL",8475
"ESTIMATED",8464
"T-SHIRT",8386
"ONLINE",8729
"UNEMPLOYMENT",8471
"CIVILIZATION",8447
"FOLD",8630
"PATIENT",8504
"POP",8316
"DAILY",8405
"REVERSE",8154
"MISSING",8232
"CORRELATION",9584
"HUMANITY",8259
"FLASH",8815
"DEVELOPER",8671
"RELIABLE",8302
"EXCITEMENT",8160
"BEEF",8416
"ISLAM",8755
"ROMAN",8299
"STRETCH",8285
"ARCHITECTURE",8449
"OCCASIONAL",8162
"ADMINISTRATIVE",8895
"ELBOW",8536
"DEADLY",8196
"MUSLIM",8498
"HISPANIC",8690
"ALLEGATION",8675
"TIP",8300
"CONFUSE",8045
"AIRPLANE",8254
"MONTHLY",8335
"DUCK",8335
"DOSE",8291
"KOREAN",8441
"PLEAD",8140
"INITIATE",8630
"LECTURE",8278
"VAN",8364
"SIXTH",8170
"BAY",8209
"MAINSTREAM",8170
"SUBURB",8249
"SANDWICH",8298
"UNLIKE",8103
"TRUNK",8400
"RUMOR",8023
"IMPLEMENTATION",9293
"SWALLOW",8583
"MOTIVATE",8324
"RENDER",8288
"LONGTIME",8439
"TRAP",8030
"RESTRICT",8340
"CLOTH",8287
"SEEMINGLY",8010
"LEGISLATIVE",8384
"EFFECTIVENESS",8889
"ENFORCE",8162
"LENS",8313
"REACH",7982
"INSPECTOR",8652
"LEND",7961
"PLAIN",8015
"FRAUD",8176
"COMPANION",8136
"CONTEND",8249
"NAIL",8255
"ARRAY",8167
"STRICT",8013
"ASSEMBLE",7996
"FRANKLY",8620
"RAT",8177
"BURST",8393
"HALLWAY",8717
"CAVE",8261
"INEVITABLE",7889
"SOUTHWEST",8190
"MONSTER",8164
"SPEED",7936
"PROTEST",7871
"UNEXPECTED",7829
"OBSTACLE",8075
"FACILITATE",8946
"ENCOUNTER",8073
"RIP",8164
"HERB",8279
"OVERWHELMING",7831
"INTEGRATION",8847
"CRYSTAL",8035
"RECESSION",8809
"WISH",7789
"TOP",8162
"WRITTEN",8371
"MOTIVE",8029
"LABEL",7969
"FLOOD",7986
"PEN",8117
"OWNERSHIP",8177
"NIGHTMARE",7895
"NOTICE",7762
"INSPECTION",8128
"SUPERVISOR",8049
"CONSULT",7778
"ARENA",8008
"LAUGH",8164
"DIAGNOSIS",8454
"POSSESSION",7828
"FORGIVE",8003
"WARM",7973
"CONSISTENTLY",8104
"BASEMENT",7988
"PROJECT",7871
"DRIFT",8311
"DRAIN",8123
"LAST",8415
"PROSECUTION",8941
"MAXIMUM",8075
"ANNOUNCEMENT",7863
"WARRIOR",7975
"PREDICTION",7996
"BACTERIA",8256
"QUESTIONNAIRE",9123
"MUD",8026
"INFRASTRUCTURE",7961
"HURRY",8723
"PRIVILEGE",7923
"TEMPLE",7949
"MEDIUM",8586
"OUTDOOR",8101
"SUCK",8204
"AND/OR",8481
"BROADCAST",8130
"RE",15773
"LEAP",8376
"RANDOM",7818
"PAST",7921
"WRIST",8250
"CURTAIN",8204
"MONITOR",7879
"POND",7971
"DOMAIN",8641
"GUILT",7746
"CATTLE",7827
"SUBJECT",8087
"WALKING",7847
"PLAYOFF",8803
"MINIMUM",8011
"FISCAL",8005
"SKIRT",8167
"DUMP",7689
"HENCE",8468
"DATABASE",8094
"UNCOMFORTABLE",7667
"AIM",7973
"EXECUTE",7671
"LIMB",8018
"IDEOLOGY",8485
"AVERAGE",8106
"WELCOME",7798
"TUNE",7934
"CONTINUING",7845
"HARM",7619
"RAILROAD",7796
"ENDURE",7586
"RADIATION",7912
"HORN",7813
"CHRONIC",8036
"PEACEFUL",7704
"INNOVATION",8099
"STRAIN",7713
"GUITAR",7712
"REPLACEMENT",7734
"BEHAVE",7546
"ADMINISTER",8135
"SIMULTANEOUSLY",7960
"DANCER",7664
"AMENDMENT",8132
"GUARD",7659
"PAD",7846
"TRANSMISSION",7829
"AWAIT",7550
"RETIRED",7869
"TRIGGER",7630
"SPILL",7798
"GRATEFUL",7597
"GRACE",7634
"VIRTUAL",7776
"RESPONSE",7868
"COLONY",7822
"ADOPTION",7986
"SLIDE",7780
"INDIGENOUS",8785
"CLOSED",7500
"CONVICT",7940
"CIVILIAN",7889
"TOWEL",7978
"MODIFY",8997
"PARTICLE",7925
"AWARD",7666
"GLANCE",8122
"PRIZE",7519
"LANDING",7646
"CONDUCT",7821
"BLUE",7671
"BOOST",7863
"BAT",7694
"ALARM",7631
"FESTIVAL",7775
"GRIP",7724
"WEIRD",7709
"UNDERMINE",7762
"FRESHMAN",7849
"SWEAT",8036
"OUTER",7618
"EUROPEAN",7688
"DRUNK",7890
"SURVEY",7556
"RESEARCH",7618
"SEPARATION",7760
"TRADITIONALLY",7717
"STUFF",7687
"GOVERN",7668
"SOUTHEAST",7589
"INTELLIGENT",7373
"WHEREVER",7382
"BALLOT",9217
"RHETORIC",7765
"CONVINCED",7389
"DRIVING",7438
"VITAMIN",8245
"ENTHUSIASM",7368
"ACCOMMODATE",7571
"PRAISE",7379
"INJURE",7574
"WILDERNESS",7916
"NEARBY",7545
"ENDLESS",7458
"MANDATE",7704
"PAUSE",8140
"EXCUSE",7388
"RESPECTIVELY",8223
"UNCERTAINTY",7671
"CHAOS",7304
"SHORT",7495
"MECHANICAL",7835
"CANVAS",7795
"FORTY",7692
"MATTER",7396
"LOBBY",7556
"PROFOUND",7477
"FORMAT",7910
"TRAIT",7980
"CURRENCY",7753
"TURKEY",7757
"RESERVE",7585
"BEAM",7625
"ABUSE",7554
"ASTRONOMER",8157
"CORRUPTION",7518
"CONTRACTOR",7634
"APOLOGIZE",7485
"DOCTRINE",8081
"GENUINE",7336
"THUMB",7659
"UNITY",7810
"COMPROMISE",7469
"HORRIBLE",7538
"BEHAVIORAL",8320
"EXCLUSIVE",7402
"SCATTER",7461
"COMMONLY",7861
"CONVEY",7529
"RUSH",7458
"TWIST",7875
"COMPLEXITY",7813
"FORK",7742
"DISK",7898
"RELIEVE",7352
"SUSPICION",7187
"LOCK",7605
"FINISH",7585
"RESIDENCE",7332
"SHAME",7347
"MEANINGFUL",7719
"SIDEWALK",7668
"OLYMPICS",8039
"TECHNOLOGICAL",7780
"SIGNATURE",7349
"PLEASANT",7425
"WOW",8016
"SUSPEND",7228
"REBEL",7525
"FROZEN",7474
"DESIRE",7454
"SPOUSE",7510
"FLUID",7464
"PENSION",7660
"RESUME",7243
"THEORETICAL",8320
"SODIUM",7998
"BLOW",7324
"PROMOTION",7416
"DELICATE",7332
"FOREHEAD",8123
"REBUILD",7474
"BOUNCE",7451
"ELECTRICAL",7347
"HOOK",7382
"DETECTIVE",7441
"TRAVELER",7336
"CLICK",7549
"COMPENSATION",7512
"SIGNAL",7171
"EXIT",7333
"ATTRACTION",7280
"DEDICATE",7226
"ALTOGETHER",7147
"PICKUP",7415
"CARVE",7294
"NEEDLE",7378
"BELLY",7784
"SHIP",7264
"SCARE",7367
"PORTFOLIO",7663
"SHUTTLE",7593
"INVISIBLE",7355
"TIMING",7345
"ENGAGEMENT",7675
"ANKLE",7397
"TRANSACTION",7418
"RESCUE",7187
"COUNTERPART",7484
"HISTORICALLY",7426
"FIRMLY",7189
"MILD",7211
"RIDER",7450
"DOLL",7351
"NOON",7425
"EXHIBIT",7326
"AMID",7264
"IDENTICAL",7247
"PRECISE",7211
"ANXIOUS",7096
"STRUCTURAL",7870
"RESIDENTIAL",7415
"LOUD",7541
"DIAGNOSE",7255
"CARBOHYDRATE",8057
"LIBERTY",7442
"POSTER",7069
"THEOLOGY",7866
"NONPROFIT",7482
"CRAWL",7596
"OXYGEN",7191
"HANDSOME",7512
"MAGIC",7415
"SUM",7217
"PROVIDED",7431
"BUSINESSMAN",7190
"PROMISING",7075
"CONSCIOUS",7152
"DETERMINATION",7170
"DONOR",7231
"HERS",7770
"PASTOR",7260
"JAZZ",7220
"OPERA",7332
"JAPANESE",7419
"BITE",7160
"FRAME",7063
"EVIL",7045
"ACQUISITION",7338
"PIT",7132
"HUG",7478
"WILDLIFE",7361
"PUNISH",6955
"GIANT",7102
"PRIMARY",7823
"EQUITY",7277
"WRONG",7038
"DOORWAY",7914
"DEPARTURE",7008
"ELEVATOR",7535
"TEENAGE",7030
"GUIDANCE",7399
"HAPPINESS",7036
"STATUE",7058
"PURSUIT",7070
"REPAIR",7088
"DECENT",6954
"GYM",7229
"ORAL",7448
"CLERK",7234
"ISRAELI",7673
"ENVELOPE",7241
"REPORTING",7184
"DESTINATION",7039
"FIST",7729
"ENDORSE",7167
"EXPLORATION",7294
"GENEROUS",6907
"BATH",7149
"RESCUE",7094
"THEREBY",7588
"OVERALL",7225
"INDICATOR",7574
"SUNLIGHT",7349
"FEEDBACK",7735
"SPECTRUM",7216
"PURPLE",7216
"LASER",7197
"BOLD",6936
"RELUCTANT",6842
"STARTING",7118
"EXPERTISE",7219
"PRACTICALLY",6914
"PROGRAM",7015
"PICTURE",7103
"TUNE",6887
"EATING",7067
"AGE",7005
"VOLUNTEER",6864
"HINT",6951
"SHARPLY",6966
"PARADE",7010
"ADVOCATE",7198
"REALM",7261
"BAN",7070
"STRIP",6894
"CANCEL",6932
"BLEND",7238
"THERAPIST",7170
"SLICE",7316
"PEEL",7182
"PIZZA",7130
"RECIPIENT",7126
"HESITATE",7462
"FLIP",7274
"ACCOUNTING",7319
"DEBATE",6952
"BIAS",7388
"HUH",7563
"METAPHOR",7461
"CANDLE",7204
"HANDLE",7101
"WORRY",6811
"JUDICIAL",7213
"ENTITY",7276
"SUFFERING",6955
"FULL-TIME",6945
"FEEL",6939
"LAMP",7290
"GARBAGE",6933
"SERVANT",7064
"ADDITION",7027
"REGULATORY",7274
"DIPLOMATIC",7193
"ELEGANT",6974
"INSIDE",6955
"RECEPTION",6896
"VANISH",7154
"AUTOMATICALLY",6823
"CHIN",7585
"TRAIL",7049
"NECESSITY",7071
"CONFESS",6815
"RACISM",7026
"STARTER",7487
"INTERIOR",6931
"BANKING",7120
"CASUAL",6946
"GRAVITY",7000
"ENROLL",7053
"DIMINISH",6875
"PREVENTION",7352
"ARAB",7222
"VALUE",7000
"MINIMIZE",7139
"CHOP",7452
"PERFORMER",6896
"INTENT",6879
"ISOLATE",6920
"PUMP",6765
"INVENTORY",7090
"PRODUCTIVE",7006
"ASSEMBLY",6914
"CIVIC",7088
"SILK",7128
"MAGNITUDE",7115
"STEEP",6972
"HOSTAGE",8605
"COLLECTOR",6976
"POPULARITY",6836
"KISS",7195
"ALIEN",7134
"DYNAMIC",7175
"SCARY",6865
"EQUATION",7372
"ANGEL",6978
"SWITCH",6781
"OFFERING",6856
"RAGE",6877
"PHOTOGRAPHY",7087
"REPAIR",6730
"TOILET",6939
"DISAPPOINTED",6724
"PRECIOUS",6716
"PROHIBIT",6896
"REPRESENTATIVE",7008
"CONTENT",7113
"REALISTIC",6786
"RUSSIAN",6891
"HIDDEN",6787
"COMMAND",6688
"TENDER",7013
"WAKE",6630
"GATHERING",6671
"OUTSTANDING",6803
"STUMBLE",7076
"LONELY",6868
"AUTOMOBILE",6829
"ARTIFICIAL",6730
"DAWN",6929
"ABSTRACT",7165
"DESCEND",6896
"SILLY",6857
"HOOK",6800
"TIDE",6698
"SHARED",7069
"HOPEFULLY",6986
"READILY",6964
"COOPERATE",6763
"REVOLUTIONARY",6886
"ROMANCE",6705
"HARDWARE",6951
"PILLOW",7122
"KIT",6912
"COOK",6866
"SPREAD",6686
"CONTINENT",6730
"SEAL",6660
"CIRCUIT",6747
"SINK",7052
"RULING",6947
"SHORTAGE",6776
"ANNUALLY",6928
"LATELY",6696
"TRAP",6694
"SCAN",6879
"FOOL",6990
"DEADLINE",6932
"REAR",6910
"PROCESSING",7220
"RANCH",6759
"COASTAL",6880
"UNDERTAKE",7044
"SOFTLY",7487
"RESERVE",6636
"BURNING",6665
"VERBAL",7227
"TRIBAL",6995
"RIDICULOUS",6695
"AUTOMATIC",6580
"DIAMOND",6743
"CREDIBILITY",6742
"IMPORT",6944
"SEXUALLY",6806
"SPRING",6689
"WAY",6604
"DIVINE",7059
"SENTIMENT",6658
"CART",6822
"OVERSEE",6773
"STEM",6712
"ELDER",6808
"PRO",6867
"INSPIRATION",6584
"DUTCH",6690
"QUANTITY",6833
"TRAILER",6713
"MATE",6693
"O'CLOCK",6972
"GREEK",6642
"GENIUS",6509
"MONUMENT",6680
"BID",6954
"QUEST",6613
"SACRIFICE",6591
"INVITATION",6460
"ACCURACY",6942
"JUROR",7497
"OFFICIALLY",6462
"BROKER",6929
"TREASURE",6648
"LOYALTY",6604
"CREDIT",6611
"SHOCK",6492
"TALENTED",6584
"GASOLINE",6696
"STIFF",6697
"OUTPUT",7041
"NOMINEE",7138
"EXTENDED",6641
"PLEASE",6565
"DIABETES",7073
"SLAP",7015
"TOXIC",6672
"ALLEGED",6658
"JAW",6922
"GRIEF",6591
"MYSTERIOUS",6484
"ROCKET",6722
"DONATE",6606
"INMATE",6718
"TACKLE",6644
"DYNAMICS",7084
"BOW",6800
"OURS",6422
"SENIOR",6768
"DIGNITY",6585
"CARPET",6658
"PARENTAL",7251
"BUBBLE",6570
"HEAT",6650
"BUDDY",6554
"BARN",6785
"SWORD",7029
"FLASH",6741
"SEVENTH",6517
"GLORY",6443
"TIGHTLY",6643
"PROTECTIVE",6503
"TUCK",6847
"DRUM",6423
"FAINT",6886
"POST",6558
"QUEEN",6606
"DILEMMA",6703
"INPUT",7004
"SPECIALIZE",6538
"NORTHEAST",6500
"SHALLOW",6512
"LIABILITY",6775
"SAIL",6525
"MERCHANT",6474
"STADIUM",6977
"IMPROVED",6720
"BLOODY",6513
"DEFEAT",6380
"ASSOCIATED",6754
"WITHDRAWAL",6624
"REFRIGERATOR",6497
"NEST",6541
"NEAR",6296
"THOROUGHLY",6384
"LANE",6540
"ANCESTOR",6529
"CONDEMN",6418
"STEAM",6426
"ACCENT",6486
"ESCAPE",6358
"OPTIMISTIC",6412
"UNITE",6391
"CAGE",6621
"EQUIP",6436
"SHRIMP",6631
"HOMELAND",6726
"EXCHANGE",6394
"RACK",6677
"COSTUME",6349
"WOLF",6718
"COURTROOM",6772
"STATUTE",6838
"CARTOON",6403
"BESIDES",6198
"PRODUCTIVITY",6651
"GRIN",7242
"SYMBOLIC",6755
"SEAL",6543
"BUG",6541
"BLESS",6293
"AUNT",6662
"AGRICULTURE",6621
"ROCK",6473
"HOSTILE",6319
"ROOT",6276
"CONCEIVE",6486
"COMBINED",6495
"INSTANTLY",6476
"BANKRUPTCY",6690
"VACCINE",6761
"BONUS",6531
"COLLABORATION",6889
"MIXED",6327
"OPPOSED",6418
"ORBIT",6490
"GRASP",6357
"PATIENCE",6532
"SPITE",6339
"TROPICAL",6473
"VOTING",6621
"PATROL",6382
"WILLINGNESS",6461
"POSITION",6288
"REVELATION",6297
"RENT",6360
"CALM",6484
"JEWELRY",6338
"CUBAN",6601
"HAUL",6401
"CONCEDE",6303
"TRACE",6345
"WAGON",6577
"AFTERWARD",6353
"SPECTACULAR",6276
"RUIN",6267
"SHEER",6209
"PRIOR",6720
"IMMUNE",6492
"RELIABILITY",7053
"ASS",6911
"ALONGSIDE",6166
"BUSH",6307
"EXOTIC",6185
"FASCINATING",6231
"SECURE",6138
"CLIP",6660
"THIGH",6576
"BULL",6346
"DRAWER",6665
"REGARD",6665
"SHEEP",6320
"DISCOURAGE",6177
"COORDINATOR",6478
"IDEOLOGICAL",6793
"RUNNER",6333
"SECULAR",6560
"INTIMATE",6143
"EMPIRE",6268
"CAB",6561
"DIVORCE",6086
"EXAM",6176
"DOCUMENTARY",6321
"NEUTRAL",6331
"BIOLOGY",6334
"FLEXIBLE",6312
"PROGRESSIVE",6387
"WEB",6411
"CONSPIRACY",6261
"CATCH",6377
"CASUALTY",6439
"REPUBLIC",7519
"EXECUTION",6278
"TERRIFIC",6356
"WHALE",6928
"FUNCTIONAL",6736
"STAR",6328
"DRAFT",6234
"INSTINCT",6076
"TEAMMATE",6572
"ALUMINUM",6468
"WHOEVER",6250
"MINISTRY",6250
"VERDICT",6529
"INSTRUCT",6117
"SKULL",6313
"SELF-ESTEEM",6727
"EASE",6103
"COOPERATIVE",6671
"MANIPULATE",6159
"BEE",6342
"PRACTITIONER",6670
"LOOP",6175
"EDIT",6157
"WHIP",6255
"PUZZLE",6153
"MUSHROOM",6454
"SUBSIDY",6236
"BOIL",6180
"TRAGIC",6038
"MATHEMATICS",6828
"MECHANIC",6092
"JAR",6284
"RESPECT",6659
"EARTHQUAKE",6439
"PORK",6261
"CREATIVITY",6452
"SAFELY",5959
"UNDERLYING",6340
"DESSERT",6286
"SYMPATHY",6044
"FISHERMAN",6317
"INCREDIBLY",6141
"ISOLATION",6251
"SOCK",6273
"NEAR",6097
"JUMP",6088
"ELEVEN",6239
"SEXY",6300
"ENTREPRENEUR",6238
"SYNDROME",6157
"BUREAU",6199
"SEAT",6227
"WORKPLACE",6186
"AMBITION",5962
"TOUCHDOWN",6954
"UTILIZE",6607
"BREEZE",6423
"COSTLY",6130
"AMBITIOUS",6040
"CHRISTIANITY",6312
"PRESUMABLY",6039
"INFLUENTIAL",6161
"TRANSLATION",6266
"UNCERTAIN",5951
"DISSOLVE",6157
"OBJECT",5909
"STATISTICAL",6634
"GUT",6067
"METROPOLITAN",6149
"ROLLING",6066
"AESTHETIC",6647
"SPELL",5887
"INSERT",6067
"BOOTH",6191
"HELMET",6203
"WAIST",6394
"EXPECTED",6144
"LION",6075
"ACCOMPLISHMENT",5980
"ROYAL",6028
"PANIC",6087
"CAST",6007
"CRUSH",5985
"ACTIVELY",6232
"CLIFF",6117
"MINIMAL",6176
"CORD",6071
"FORTUNATELY",5974
"COCAINE",6207
"ILLUSION",6035
"ANONYMOUS",5949
"TOLERATE",5871
"APPRECIATION",6054
"COMMISSIONER",6303
"HARM",5810
"FLEXIBILITY",6149
"INSTRUCTIONAL",7014
"SCRAMBLE",6061
"CASINO",6205
"TUMOR",6427
"DECORATE",5997
"SORT",5809
"CHARGE",5893
"PULSE",5992
"EQUIVALENT",5935
"FIXED",6042
"EXPERIENCED",6031
"DONATION",6086
"DIARY",5945
"SIBLING",6102
"IRONY",5818
"SPOON",6194
"MIDST",5760
"ALLEY",6236
"UPSET",5954
"INTERACT",6247
"SOAP",5952
"CUTE",6089
"RIVAL",6005
"SHORT-TERM",5998
"PUNCH",6071
"PIN",6000
"HOCKEY",6171
"PASSING",5903
"PERSIST",6013
"SUPPLIER",6038
"KNOWN",5892
"MOMENTUM",5911
"PURSE",6161
"SHED",5769
"LIQUID",5948
"ICON",6030
"ELEPHANT",6038
"CONSEQUENTLY",6463
"LEGISLATURE",6027
"ASSOCIATE",5860
"FRANCHISE",6332
"CORRECTLY",5884
"MENTALLY",5793
"FOSTER",6237
"BICYCLE",5960
"ENCOURAGING",5868
"CHEAT",5819
"ACCESS",6023
"HEAL",5797
"FEVER",5874
"FILTER",6210
"RABBIT",6095
"COIN",5947
"EXPLOIT",5909
"ACCESSIBLE",5965
"ORGANISM",6210
"SENSATION",5882
"PARTIALLY",5882
"STAY",5779
"UPSTAIRS",6271
"DRIED",6109
"MINIMUM",5867
"PRO",6101
"CONSERVATION",6129
"SHOVE",6327
"BACKYARD",5890
"CHARTER",6011
"STOVE",6082
"CONSENT",6239
"COMPRISE",6258
"REMINDER",5681
"ALIKE",5740
"PLACEMENT",6275
"DOUGH",6294
"GRANDCHILD",5826
"DAM",5968
"REPORTEDLY",5911
"WELL-KNOWN",5782
"SURROUNDING",5826
"ECOLOGICAL",6443
"OUTFIT",5850
"UNPRECEDENTED",5798
"COLUMNIST",5997
"WORKOUT",6414
"PRELIMINARY",5908
"PATENT",6024
"SHY",5806
"QUOTE",6228
"TRASH",5811
"DISABLED",5952
"GROSS",5802
"DAMN",6269
"HORMONE",6230
"TEXTURE",5994
"COUNTER",5722
"PENCIL",5936
"ASSOCIATE",5859
"FRONTIER",5897
"SPRAY",6005
"BET",5801
"DISCLOSE",5879
"CUSTODY",5957
"BANKER",5933
"BEAST",6052
"INTERFERE",5709
"OAK",5938
"CASE",5791
"EIGHTH",5814
"NOTEBOOK",5884
"OUTLINE",5859
"GAZE",6379
"ATTENDANCE",5963
"SPECULATION",5698
"UNCOVER",5696
"BEHALF",5727
"INNOVATIVE",5921
"SHARK",6164
"REWARD",5676
"MILL",5761
"INSTALLATION",5938
"STIMULATE",5898
"TAG",5735
"VERTICAL",5950
"SWIMMING",5735
"FLEET",5781
"CATALOG",5925
"OUTSIDER",5690
"SACRIFICE",5641
"DESPERATELY",5701
"STANCE",5812
"COMPEL",5728
"SENSITIVITY",5981
"SOMEDAY",5744
"INSTANT",5765
"DEBUT",5986
"PROCLAIM",5716
"WORLDWIDE",5781
"HIKE",6111
"REQUIRED",5953
"CONFRONTATION",5762
"COLORFUL",5773
"IDEAL",5978
"CONSTITUTION",6111
"TRAINER",5845
"THANKSGIVING",5859
"SCENT",6050
"STACK",5858
"EYEBROW",6212
"SACK",5880
"CEASE",5679
"INHERIT",5563
"TRAY",6021
"PIONEER",5755
"ORGANIZATIONAL",6445
"TEXTBOOK",5968
"UH",6155
"NASTY",5682
"SHRINK",5617
"MODEL",5925
"EMERGING",5942
"DOT",5795
"WHEAT",5730
"FIERCE",5622
"ENVISION",5619
"RATIONAL",5941
"KINGDOM",5674
"AISLE",5828
"WEAKEN",5640
"PROTOCOL",6031
"EXCLUSIVELY",5852
"VOCAL",5727
"MARKETPLACE",5650
"OPENLY",5558
"UNFAIR",5656
"TERRAIN",5873
"DEPLOY",5674
"RISKY",5632
"PASTA",6062
"GENRE",5919
"DISTRACT",5720
"MERIT",5670
"PLANNER",5797
"DEPRESSED",5543
"CHUNK",5682
"CLOSEST",5506
"DISCOUNT",5809
"NO",5591
"LADDER",5720
"JUNGLE",5693
"MIGRATION",6067
"BREATHING",5798
"INVADE",5653
"HURRICANE",6439
"RETAILER",5915
"CLASSIFY",5964
"WOUND",5660
"COUP",6179
"AID",5676
"AMBASSADOR",5847
"DENSITY",6040
"SUPPORTIVE",5662
"CURIOSITY",5630
"SKIP",5635
"AGGRESSION",6215
"STIMULUS",6215
"JOURNALISM",5684
"ROBOT",6023
"FLOOD",5531
"DIP",5664
"LIKEWISE",5821
"INFORMAL",5931
"PERSIAN",6340
"FEATHER",5744
"SPHERE",5881
"TIGHTEN",5665
"BOAST",5731
"PAT",5968
"PERCEIVED",6386
"SOLE",5535
"PUBLICITY",5557
"MAJOR",5678
"UNFOLD",5420
"JOKE",5576
"WELL-BEING",6005
"VALIDITY",6401
"ECOSYSTEM",6215
"STRICTLY",5532
"PARTIAL",5716
"COLLAR",5791
"WEED",5642
"COMPLIANCE",5973
"STREAK",5826
"SUPPOSEDLY",5451
"ADDED",5616
"BUILDER",5720
"GLIMPSE",5567
"PREMISE",5695
"SPECIALTY",5622
"DEEM",5639
"ARTIFACT",5773
"SNEAK",5690
"MONKEY",5698
"MENTOR",5757
"TWO-THIRDS",5558
"LISTENER",5621
"LIGHTNING",5674
"LEGALLY",5484
"SLEEVE",5855
"DISAPPOINTMENT",5464
"DISTURB",5532
"RIB",5662
"EXCESSIVE",5633
"HIGH-TECH",5681
"DEBRIS",5491
"PILE",5609
"ROD",5788
"LOGICAL",5644
"LIBERAL",5677
"ASH",5647
"SOCIALLY",5814
"PARISH",5723
"SLAVERY",5712
"BLANK",5585
"COMMODITY",5659
"CURE",5468
"MINERAL",5758
"HUNGER",5460
"DYING",5504
"DEVELOPMENTAL",6255
"FASTER",5538
"SPARE",5492
"HALFWAY",5695
"CURE",5444
"EQUALITY",5841
"CEMETERY",5584
"HARASSMENT",5882
"DELIBERATELY",5388
"FAME",5485
"REGRET",5479
"STRIKING",5516
"LIKELIHOOD",5790
"CARROT",5718
"ATOP",5578
"TOLL",5587
"RIM",5676
"EMBARRASSED",5627
"FUCKING",6472
"CLING",5678
"ISOLATED",5482
"BLINK",6160
"SUSPICIOUS",5412
"WHEELCHAIR",5670
"SQUAD",5520
"ELIGIBLE",5529
"PROCESSOR",5882
"PLUNGE",5490
"THIS",5517
"SPONSOR",5622
"GRIN",5944
"COLOR",5465
"DEMOGRAPHIC",6103
"RAIN",5597
"CHILL",5675
"REFUGE",5505
"STEER",5452
"LEGISLATOR",5593
"RALLY",5619
"PROGRAMMING",5507
"CHEER",5442
"OUTLET",5497
"INTACT",5350
"VENDOR",5543
"THRIVE",5472
"PEANUT",5604
"CHEW",5669
"ELABORATE",5349
"INTELLECTUAL",5773
"CONCEPTION",5953
"AUCTION",5621
"STEAK",5596
"COMPLY",5452
"TRIUMPH",5337
"SHAREHOLDER",5742
"COMPARABLE",5600
"TRANSPORT",5336
"CONSCIENCE",5317
"CALCULATION",5577
"CONSIDERABLY",5481
"INTERVAL",5708
"SCRATCH",5629
"AWAKE",5806
"JURISDICTION",5691
"INEVITABLY",5420
"FEMINIST",5719
"CONSTRAINT",5942
"EMOTIONALLY",5321
"EXPEDITION",5467
"ALLEGEDLY",5451
"COMPROMISE",5322
"STRAIN",5435
"SIMILARITY",5709
"BUTT",5490
"LID",5558
"DUMB",5486
"BULK",5324
"SPRINKLE",5777
"MORTALITY",5785
"PHILOSOPHICAL",5731
"CONVERSION",5627
"PATRON",5331
"MUNICIPAL",5536
"ANY",5352
"LIVER",5415
"HARMONY",5410
"SOLELY",5456
"TOLERANCE",5513
"INSTANT",5755
"GOAT",5459
"ARM",5232
"BLESSING",5222
"BANANA",5458
"RUNNING",5271
"PALACE",5347
"FORMERLY",5350
"PEASANT",5609
"NEAT",5359
"GRANDPARENT",5334
"LAWMAKER",5755
"SUPERMARKET",5389
"CRUISE",5434
"MOBILE",5339
"PLAIN",5337
"PART",5503
"CALENDAR",5258
"WIDOW",5309
"DEPOSIT",5497
"BEARD",5528
"BRAKE",5522
"DOWNTOWN",5483
"SCREENING",5407
"IMPULSE",5305
"FORBID",5167
"FUR",5466
"BRUTAL",5193
"PREDATOR",5400
"POKE",5575
"OPT",5371
"VOLUNTARY",5504
"TROUBLE",5177
"VALID",5509
"FORUM",5419
"DANCING",5243
"HAPPILY",5331
"SOAR",5344
"REMOVAL",5488
"AUTONOMY",5849
"ENACT",5441
"ROUND",5247
"THREAD",5340
"LIGHT",5458
"LANDMARK",5332
"UNHAPPY",5162
"OFFENDER",5417
"COMING",5181
"PRIVATELY",5212
"FRACTION",5313
"DISTINCTIVE",5373
"TOURISM",5429
"THRESHOLD",5490
"CALM",5309
"ROUTINELY",5269
"SUITE",5321
"REMARK",5289
"REGULATOR",5462
"STRAW",5297
"THEOLOGICAL",5684
"APART",5216
"EXHAUST",5204
"GLOBE",5166
"FRAGILE",5125
"OBJECTION",5276
"CHEMISTRY",5192
"OLD-FASHIONED",5200
"CROWDED",5196
"CIRCLE",5401
"BLAST",5241
"PREVAIL",5207
"OVERNIGHT",5170
"DENIAL",5207
"RENTAL",5357
"FANTASTIC",5269
"FRAGMENT",5308
"LEVEL",5367
"SCREW",5361
"WARMTH",5383
"UNDERGRADUATE",5683
"LIQUID",5265
"HEADACHE",5256
"POLICEMAN",5278
"YIELD",5648
"PROJECTION",5288
"BATTLE",5240
"SUITABLE",5291
"MENTION",5137
"GRADUATION",5218
"DRILL",5279
"CRUEL",5128
"MANSION",5233
"REGARD",5263
"GRAPE",5318
"AUTHORIZE",5209
"COTTAGE",5328
"DRIVEWAY",5459
"CHARM",5157
"SEXUALITY",5531
"LOYAL",5066
"CLAY",5287
"POUND",5327
"BALLOON",5187
"INVENTION",5211
"EGO",5239
"FARE",5362
"HOMEWORK",5093
"DISC",5403
"SOFA",5499
"GUARANTEE",5205
"AVAILABILITY",5519
"RADAR",5221
"FROWN",5903
"REGAIN",5041
"LEAVE",5087
"PERMIT",5305
"SWEATER",5392
"REHABILITATION",5547
"RUBBER",5190
"RETREAT",5132
"MOLECULE",5445
"FREELY",5085
"FAVORABLE",5324
"STEADILY",5085
"VETERAN",5312
"INTEGRATED",5455
"HA",5372
"YOUNGSTER",5184
"BROADCAST",5138
"PREMIUM",5279
"ACCOUNTABILITY",5409
"OVERWHELM",4976
"ONE-THIRD",5210
"CONTEMPLATE",5027
"UPDATE",5227
"SPARK",5071
"IRONICALLY",5154
"FATIGUE",5214
"BEYOND",5036
"SPECULATE",5012
"MARKER",5156
"LOW",5024
"PREACH",5063
"BUCKET",5233
"BOMB",5275
"BLOND",5479
"CONFESSION",5074
"PROVOKE",5063
"MARBLE",5210
"SUBSTANTIALLY",5344
"TWIST",5060
"DEFENDER",5136
"FISH",5183
"EXPLICIT",5461
"TRANSPORT",5313
"DISTURBING",4990
"SURVEILLANCE",5132
"MAGNETIC",5377
"TECHNICIAN",5048
"MUTTER",5753
"DEVASTATING",5055
"DEPART",5035
"ARROW",5208
"TRAUMA",5880
"NEIGHBORING",5082
"SOAK",5186
"RIBBON",5159
"MEANTIME",5022
"TRANSMIT",5117
"SCREEN",5079
"HARVEST",5125
"CONSECUTIVE",5471
"REPUBLICAN",5297
"COORDINATE",5152
"WORLDWIDE",5089
"WITHIN",5085
"SPY",5076
"SLOT",5130
"RIOT",5203
"NUTRIENT",5426
"CITIZENSHIP",5602
"SEVERELY",5035
"SOVEREIGNTY",5541
"RIDGE",5229
"BRAVE",5061
"LIGHTING",5081
"SPECIFY",5379
"CONTRIBUTOR",5084
"FRUSTRATE",4933
"CROWD",5083
"ARTICULATE",5350
"IMPORTANTLY",5130
"TRANSIT",5226
"DENSE",5061
"SEMINAR",5106
"ELECTRONICS",5116
"SUNNY",5117
"SHORTS",5148
"SWELL",5125
"ACCUSATION",4987
"SOFTEN",5112
"PHOTOGRAPH",5006
"STRAIGHTEN",5352
"TERRIBLY",5096
"CUE",5186
"SUDDEN",5211
"BRIDE",5613
"BIOGRAPHY",5015
"HAZARD",5159
"COMPELLING",4995
"SELDOM",5009
"TILE",5200
"ECONOMICALLY",5169
"HONESTLY",5042
"TROUBLED",4991
"BOW",5293
"TWENTIETH",5458
"BALANCED",5486
"FOREIGNER",5076
"LAUNCH",5080
"CONVENIENCE",4972
"DELIGHT",5038
"WEAVE",5015
"TIMBER",5150
"TILL",5269
"ACCURATELY",5156
"PLEA",5000
"BULB",5157
"COPY",4970
"FLYING",5056
"SUSTAINABLE",5339
"DEVIL",5051
"BOLT",5148
"CARGO",4991
"SPINE",5110
"SELLER",5083
"SKILLED",5047
"MANAGING",5126
"PUBLIC",4877
"MARINE",5154
"DOCK",5178
"ORGANIZED",5011
"FOG",5186
"DIPLOMAT",5185
"BORING",4922
"SOMETIME",4938
"SUMMARY",5304
"MISSIONARY",5438
"EPIDEMIC",5010
"FATAL",4875
"TRIM",5113
"WAREHOUSE",5020
"ACCELERATE",4923
"BUTTERFLY",5031
"BRONZE",5118
"DROWN",5097
"INHERENT",5339
"PRAISE",4896
"NATIONWIDE",5104
"SPIT",5286
"HARVEST",5065
"KNEEL",5467
"VACUUM",5028
"SELECTED",5315
"DICTATE",4935
"STEREOTYPE",5109
"SENSOR",5154
"LAUNDRY",5063
"MANUAL",5040
"PISTOL",5261
"NAVAL",4990
"PLAINTIFF",5312
"KID",5094
"MIDDLE-CLASS",5025
"APOLOGY",4972
"TILL",5079
